date_generated,id,congress,chamber,rollnumber,date,keyvote,yea,nay,description,Issue1,Issue2,Peltzman1,Peltzman2,Clausen1,mid.dim1,mid.dim2,spread.dim1,spread.dim2,pre,classified,log_likelihood,geo_mean_probability
2017-01-23 07:31:50,RH0810001,81,House,1,1949-01-03,,255,160,ELECTION OF SPEAKER,Election of the Speaker of the House,,Internal Organization,,Miscellaneous Policy,-0.034,-0.056,0.675,-1.495,1.0,1.0,-5.145276,0.988
2017-01-23 07:31:50,RH0810002,81,House,2,1949-01-03,CQ,275,143,H RES 5.  RESOLUTION ADOPTING THE RULES OF THE 80TH CONG. AS THE RULES OF THE 81ST CONG W ITH AN AMENDMENT.  ON PREVIOUS QUESTION.,,,Internal Organization,,Miscellaneous Policy,0.104,0.156,0.217,0.159,0.587,0.859,-132.100753,0.729
2017-01-23 07:31:50,RH0810003,81,House,3,1949-02-07,,245,157,H CON. RES 22.  CONCURRENT RESOLUTION SUSPENDING THE LEGIS- LATIVE BUDGET UNTIL MAY 1 19 49.,,,Budget Special Interest,,Government Management,-0.027,-0.132,0.343,-0.611,0.968,0.988,-22.199326,0.946
2017-01-23 07:31:50,RH0810004,81,House,4,1949-02-07,,358,9,HR 2361.  BILL TO PROVIDE FOR THE REORGANIZATION OF GOV'T AGENCIES.,,,Government Organization,,Government Management,0.0,0.0,0.0,0.0,,,0.0,
2017-01-23 07:31:50,RH0810005,81,House,5,1949-02-09,,353,29,H RES 78.  RESOLUTION TO AUTHORIZE THE EXPENDITURE OF CERTAIN FUNDS FOR THE EXPENSES OF HUAAC.,Communists/Communism/Unamerican Activities,,Internal Organization,Budget Special Interest,Government Management,-0.501,-0.066,-0.314,-0.258,0.345,0.95,-51.888488,0.873
2017-01-23 07:31:50,RH0810006,81,House,6,1949-02-09,CQ,164,255,HR 1211.  BILL TO EXTEND THE AUTHORITY OF THE PRES.  UNDER SECTION 350 OF THE TARIFF ACT OF 1930.  ON MOTION TO RECOM- MIT W/INSTRUCTIONS.,Tariffs,,Government Organization,,Government Management,0.142,0.679,-0.278,0.295,0.89,0.957,-60.338984,0.866
2017-01-23 07:31:50,RH0810007,81,House,7,1949-02-09,,330,78,HR 1211.  PASSAGE.,Tariffs,,Government Organization,,Government Management,0.314,0.065,0.171,-0.002,0.449,0.895,-124.713433,0.737
2017-01-23 07:31:50,RH0810008,81,House,8,1949-02-15,,255,134,H RES 99.  RESOLUTION PROVIDING FOR THE CONSIDERATION OF THE BILL (HR 2632) MAKING APPROPRIATIONS TO SUPPLY URGENT DEFICIENCIES FOR THE FISCAL YEAR 1949.,,,Budget Special Interest,,Government Management,-0.109,-0.689,0.27,-0.487,0.851,0.949,-53.13976,0.872
2017-01-23 07:31:50,RH0810009,81,House,9,1949-02-16,,161,250,"HR 2632.  BILL MAKING APPROPRIATIONS TO SUPPLY DEFICIENCES IN CERTAIN APPROPRIATIONS FOR THE FISCAL YEAR ENDING JUNE 30, 1949.  ON MOTION TO RECOMMIT W/INSTRUCTIONS.",,,Budget Special Interest,,Government Management,-0.303,-0.558,-0.259,0.76,0.882,0.954,-56.289161,0.872
2017-01-23 07:31:50,RH0810010,81,House,10,1949-02-16,,367,19,HR 2632.  PASSAGE.,,,Budget Special Interest,,Government Management,0.486,0.545,0.235,0.092,-0.053,0.948,-49.886803,0.879
2017-01-23 07:31:50,RH0810011,81,House,11,1949-02-17,,161,244,HR 1661.  PROVIDE FOR CONTINUATION OF AUTHORITY FOR THE REGULATION OF EXPORTS.  MOTION TO RECOMMIT WITH INSTRUCT- IONS.,,,Regulation General Interest,,Government Management,0.169,0.587,-0.614,0.958,0.969,0.988,-15.410245,0.963
2017-01-23 07:31:50,RH0810012,81,House,12,1949-02-17,,280,122,HR 1661.  PASSAGE.,,,Regulation General Interest,,Government Management,0.171,-0.12,0.197,-0.259,0.697,0.908,-95.100975,0.789
2017-01-23 07:31:50,RH0810013,81,House,13,1949-02-21,,331,4,H RES 75.  RESOLUTION AUTHORIZING THE COMMITTEE ON EDUCATION AND LABOR TO CONDUCT STUDIES AND INVESTIGATIONS RELATING TO MATTERS WITHIN ITS JURISDICTION.,Impeachments and Investigations,,Internal Organization,,Miscellaneous Policy,0.0,0.0,0.0,0.0,,,0.0,
2017-01-23 07:31:50,RH0810014,81,House,14,1949-03-01,,39,336,HR 199.  PROVIDE THE PRIVILEGE OF BECOMING A NATURALIZED CITIZEN OF THE U.S. TO ALL IMMIGRANTS HAVING A LEGAL RIGHT TO PERMANENT RESIDENCE TO MA KE IMMIGRATIONS QUOTAS AVAILABLE TO ASIAN AND PACIFIC PEOPLES.,Immigration/Naturalization,Minorities (non-black),Domestic Social Policy,,Social Welfare,-0.336,-0.561,0.176,0.39,0.077,0.904,-78.529411,0.811
2017-01-23 07:31:50,RH0810015,81,House,15,1949-03-07,,348,4,HR 2663.  PROVIDE FOR THE ADMIN. OF THE CIA.,CIA/Spying/Intelligence,,Government Organization,,Foreign and Defense Policy,0.0,0.0,0.0,0.0,,,0.0,
2017-01-23 07:31:50,RH0810016,81,House,16,1949-03-14,,172,190,HR 3347.  PROVIDE ADDITIONAL REVENUE FOR D.C.. MOTION TO RECOMMIT.,,,D. C.,Budget Special Interest,Government Management,-0.278,0.537,0.115,0.308,0.494,0.76,-176.746263,0.614
2017-01-23 07:31:50,RH0810017,81,House,17,1949-03-14,,172,184,HR 3347.  PASSAGE.  (FAILED),,,D. C.,Budget Special Interest,Government Management,-0.225,0.674,-0.112,-0.229,0.465,0.742,-186.070376,0.593
2017-01-23 07:31:50,RH0810018,81,House,18,1949-03-15,,231,192,HR 1731.  EXTEND CERTAIN PROVISIONS OF THE HOUSING & RENT ACT OF 1947.  ON WILLIAMS AMEND.  (LOCAL OPTION).,Housing/Housing Programs/Rent Control,,Budget Special Interest,,Social Welfare,-0.109,-0.021,-0.436,-0.191,0.818,0.917,-71.463187,0.845
2017-01-23 07:31:50,RH0810019,81,House,19,1949-03-15,,241,179,HR 131.  EXTEND CERTAIN PROVISIONS OF THE HOUSING & RENT ACT OF 1947.  ON RAINS AMEND.  (DECONTROL TRANSIENT HOTELS).,Housing/Housing Programs/Rent Control,,Budget Special Interest,,Social Welfare,-0.077,-0.17,-0.309,-0.299,0.782,0.907,-91.945148,0.803
2017-01-23 07:31:50,RH0810020,81,House,20,1949-03-15,,160,267,HR 1731.  MOTION TO RECOMMIT W/INSTRUCTIONS.,Housing/Housing Programs/Rent Control,,Budget Special Interest,,Social Welfare,0.066,0.132,-0.288,-0.135,0.731,0.899,-96.52299,0.798
2017-01-23 07:31:50,RH0810021,81,House,21,1949-03-15,,268,159,HR 1731.  PASSAGE.,Housing/Housing Programs/Rent Control,,Budget Special Interest,,Social Welfare,0.061,0.2,0.233,0.38,0.616,0.857,-136.457984,0.726
2017-01-23 07:31:50,RH0810022,81,House,22,1949-03-16,,368,1,"H RES. 14,.  RESOLUTION PROVIDING FOR THE CONSIDERATION OF HR 1437, AUTHORIZING THE COMPOSITION OF THE U.S. ARMY & AIR FORCE.",,,Defense Policy Budget,,Foreign and Defense Policy,0.0,0.0,0.0,0.0,,,0.0,
2017-01-23 07:31:50,RH0810023,81,House,23,1949-03-21,,247,117,HR 1757.  AMEND & EXTEND THE PROVISIONS OF THE D.C. EMERGENCY RENT ACT.,Housing/Housing Programs/Rent Control,,D. C.,Regulation Special Interest,Social Welfare,0.107,0.239,0.211,0.319,0.59,0.868,-124.514647,0.71
2017-01-23 07:31:50,RH0810024,81,House,24,1949-03-22,,395,4,HR 1437.  AUTHORIZE THE COMPOSITION OF THE U.S. ARMY AND U.S. AIR FORCE.  PASSAGE.,,,Defense Policy Budget,,Foreign and Defense Policy,0.0,0.0,0.0,0.0,,,0.0,
2017-01-23 07:31:50,RH0810025,81,House,25,1949-03-22,,188,224,HR 2681.  PROVIDE PENSIONS FOR VETERANS OF WW II BASED ON NON-SERVICE-CONNECTED DISABILITY AND ATTAINED AGE.  MOTION TO RECOMMIT.,Military Pensions/Veterans Benefits,,Defense Policy Budget,,Foreign and Defense Policy,-0.255,0.967,0.059,0.026,0.165,0.619,-269.137525,0.52
2017-01-23 07:31:50,RH0810026,81,House,26,1949-03-22,,121,292,HR 2681.  MOTION TO STRIKE OUT ENACTING CLAUSE.,Military Pensions/Veterans Benefits,,Defense Policy Budget,,Foreign and Defense Policy,-0.62,-0.6,0.075,-0.034,0.033,0.717,-240.056223,0.559
2017-01-23 07:31:50,RH0810027,81,House,27,1949-03-24,,210,209,HR 2681.  MOTION TO RECOMMIT FOR FURTHER STUDY.,Military Pensions/Veterans Benefits,,Defense Policy Budget,,Foreign and Defense Policy,-0.143,0.471,0.056,0.059,0.282,0.642,-269.614902,0.525
2017-01-23 07:31:50,RH0810028,81,House,28,1949-03-28,,228,135,S 135.  AUTHORIZE THE BOARD OF COMMISSIONERS OF D.C. TO ESTABLISH DAYLIGHT-SAVING TIME.,,,D. C.,Domestic Social Policy,Government Management,0.339,-0.371,0.119,0.263,0.281,0.733,-192.205426,0.589
2017-01-23 07:31:50,RH0810029,81,House,29,1949-03-29,,202,211,HR 3734.  APPROPRIATIONS FOR CIVIL FUNCTIONS ADMINISTERED BY THE DEPT. OF THE ARMY.  ON LEMKE AMEND.,,,Defense Policy Budget,,Foreign and Defense Policy,0.171,0.985,-0.253,0.479,0.827,0.915,-102.564349,0.78
2017-01-23 07:31:50,RH0810030,81,House,30,1949-03-29,,263,145,HR 3734.  ON DONDERO AMEND.,,,Defense Policy Budget,,Foreign and Defense Policy,-0.242,0.231,-0.148,0.043,0.407,0.789,-176.578858,0.649
2017-01-23 07:31:50,RH0810031,81,House,31,1949-03-29,,287,127,HR 3734.  ON WHITTINGTON AMEND.,,,Defense Policy Budget,,Foreign and Defense Policy,0.51,0.108,0.08,-0.385,0.22,0.761,-195.867454,0.623
2017-01-23 07:31:50,RH0810032,81,House,32,1949-03-29,,185,226,HR 3704.  PROVIDE ADDITIONAL REVENUE FOR D.C.  MOTION TO RECOMMIT.,,,D. C.,Budget Special Interest,Government Management,-0.238,0.478,0.154,0.318,0.573,0.808,-168.664583,0.663
2017-01-23 07:31:50,RH0810033,81,House,33,1949-03-29,,223,187,HR 3704.  PROVIDE ADDITIONAL REVENUE FOR D.C.,,,D. C.,Budget Special Interest,Government Management,-0.248,0.548,-0.146,-0.276,0.551,0.795,-179.920948,0.645
2017-01-23 07:31:50,RH0810034,81,House,34,1949-03-29,,266,146,HR 1731.  EXTEND CERTAIN PROVISIONS OF THE HOUSING & RENT ACT OF 1947.  ADOPTION OF CONFERENCE REPORT.,Housing/Housing Programs/Rent Control,,Budget Special Interest,,Social Welfare,0.086,0.192,0.237,0.406,0.616,0.864,-131.99852,0.726
2017-01-23 07:31:50,RH0810035,81,House,35,1949-03-31,,383,10,"H RES 168.  RESOLUTION PROVIDING FOR THE CONSIDERATION OF HR 2023, A BILL TO REGULATE OLEOMARGARINE, TO REPEAL CERTAIN TAXES RELATING TO OLEOMARGARINE.",Tax rates,,Regulation Special Interest,,Foreign and Defense Policy,0.427,0.904,0.163,0.292,-0.3,0.967,-51.769845,0.877
2017-01-23 07:31:50,RH0810036,81,House,36,1949-04-01,,252,146,HR 2023.  ON POAGE AMEND.,Tax rates,,Regulation Special Interest,,Foreign and Defense Policy,0.233,0.973,0.091,-0.034,0.301,0.744,-220.555046,0.575
2017-01-23 07:31:50,RH0810037,81,House,37,1949-04-01,,298,99,HR 2023.  PASSAGE.  (FAILED),Tax rates,,Regulation Special Interest,,Foreign and Defense Policy,0.312,0.513,0.102,0.039,0.192,0.798,-188.422469,0.622
2017-01-23 07:31:50,RH0810038,81,House,38,1949-04-04,,210,170,"HR 1823.  AMEND. THE ACT OF FEB. 19, 1941 SO AS TO ESTABLISH A WOMEN'S RESERVE AS A BRANCH OF THE COAST GUARD RESERVE.  ON MARCANTONIO AMEND.",Women's Equality,,Defense Policy Resolutions,,Foreign and Defense Policy,-0.441,0.43,0.17,1.588,0.7,0.866,-100.868803,0.767
2017-01-23 07:31:50,RH0810039,81,House,39,1949-04-04,,279,70,HR 3830.  AMEND THE CHINA AID ACT OF 1948.,,,Foreign Policy Budget,,Foreign and Defense Policy,-0.932,-0.362,-0.11,0.174,0.014,0.802,-169.908809,0.615
2017-01-23 07:31:50,RH0810040,81,House,40,1949-04-04,,258,149,"H RES 180.  RESOLUTION PROVIDING CONSIDERATION OF & WAIVING POINTS OF ORDER ON HR 4016 A  BILL MAKING APPROPRIATIONS FOR THE DEPTS. OF STATE JUSTICE   COMMERCE, & THE JUDICIARY.",,,Budget Special Interest,,Government Management,0.089,-0.103,0.239,-0.345,0.826,0.936,-65.335086,0.852
2017-01-23 07:31:50,RH0810041,81,House,41,1949-04-07,,166,234,"H RES 182.  RESOLUTION WAIVING CERTAIN POINTS OF ORDER ON HR 4046, A BILL MAKING APPROPRIATIONS TO SUPPLY DEFICIEN- CIES.  MARTAIN MOTION TO ADJOURN.",,,Budget Special Interest,,Government Management,-0.04,-0.042,-0.637,1.087,0.988,0.995,-10.400269,0.974
2017-01-23 07:31:50,RH0810042,81,House,42,1949-04-08,,175,216,"HR 4046.  APPROPRIATIONS TO SUPPLY DEFICIENCIES IN CERTAIN APPROPRIATIONS FOR THE FISCAL YEAR ENDING JUNE 30, 1949. MOTION TO RECOMMIT W/INSTRUCTIONS.  (WAR CLAIMS COMMISSION $100,000).",,,Budget Special Interest,,Government Management,-0.183,-0.338,-0.261,0.425,0.92,0.964,-56.740735,0.865
2017-01-23 07:31:50,RH0810043,81,House,43,1949-04-12,,357,51,HR 3748.  AMEND THE ECONOMIC COOPERATION ACT OF 1948.,,,Foreign Policy Resolutions,,Foreign and Defense Policy,0.456,0.068,0.154,0.089,0.275,0.909,-117.961161,0.749
2017-01-23 07:31:50,RH0810044,81,House,44,1949-04-26,,369,6,"H RES 191.  RESOLUTION PROVIDING FOR THE CONSIDERATION OF HR 2032, A BILL TO REPEAL THE LABOR-MANAGEMENT RELATIONS ACT, 1947, TO REENACT THE NATIONAL LABOR RELATIONS ACT OF 1935.",Union Regulation/Davis-Bacon/Situs Picketing,,Regulation Special Interest,,Social Welfare,0.0,0.0,0.0,0.0,,,0.0,
2017-01-23 07:31:50,RH0810045,81,House,45,1949-05-03,,219,205,HR 2032.  ON WOOD SUBSTITUTE.,Union Regulation/Davis-Bacon/Situs Picketing,,Regulation Special Interest,,Social Welfare,-0.108,0.401,-0.283,-0.295,0.795,0.901,-102.048293,0.786
2017-01-23 07:31:50,RH0810046,81,House,46,1949-05-04,,216,213,HR 2032.  ON MOTION TO RECOMMIT.,Union Regulation/Davis-Bacon/Situs Picketing,,Regulation Special Interest,,Social Welfare,-0.103,0.542,0.285,0.237,0.789,0.895,-104.181834,0.784
2017-01-23 07:31:50,RH0810047,81,House,47,1949-05-05,,280,68,HR 2989.  INCORPORATE THE VIRGIN ISLANDS CORPORATION.,,,Government Organization,,Government Management,0.346,0.159,0.137,0.121,0.176,0.839,-134.172342,0.68
2017-01-23 07:31:50,RH0810048,81,House,48,1949-05-09,,229,53,HR 2203.  PROVIDE FOR A DECENNIAL CENSUS OF HOUSING.,Housing/Housing Programs/Rent Control,,Budget Special Interest,,Government Management,0.372,0.4,0.19,-0.122,0.321,0.872,-74.861157,0.767
2017-01-23 07:31:50,RH0810049,81,House,49,1949-05-10,,172,191,HR 4392.  PROVIDE FOR THE PAYMENT OF COMPENSATION TO THE SWISS GOV'T FOR LOSSES & DAMAGES INFLICTED ON SWISS TERRITORY DURING WW II BY U.S. ARMED FORCES IN VIOLATION OF NEUTRAL RIGHTS & AUTHORIZ E APPROPRIATIONS THEREFOR. TAURIELLO AMEND.  -- NO INTERESTPAYMENT BE AUTHORIZED.,,,Defense Policy Budget,,Foreign and Defense Policy,0.12,0.993,-0.109,0.112,0.494,0.76,-188.840493,0.594
2017-01-23 07:31:50,RH0810050,81,House,50,1949-05-11,,325,53,HR 2682.  AMEND THE CCC CHARTER ACT & CRITICAL MATERIALS STOCK PILING ACT.,,,Defense Policy Resolutions,,Foreign and Defense Policy,0.032,-0.94,0.108,-0.387,0.094,0.873,-103.22894,0.761
2017-01-23 07:31:50,RH0810051,81,House,51,1949-05-16,,292,17,"HR 2632.  BILL MAKING APPROPRIATIONS TO SUPPLY DEFICIENCIES IN CERTAIN APPROPRIATIONS FOR FISCAL YEAR ENDING JUNE 30, 1949.  ADOPTION OF CONFERENCE REPORT.",,,Budget Special Interest,,Government Management,0.374,0.927,0.238,0.218,0.235,0.958,-40.432518,0.877
2017-01-23 07:31:50,RH0810052,81,House,52,1949-05-17,,323,24,"H RES 190.  PROVIDING FOR CONSIDERATION OF HR 195, A BILL TO ASSIST STATES IN COLLECTING SALES AND USE TAXES ON CIGARETTES.",Tax rates,,Budget Special Interest,,Government Management,0.556,0.831,0.108,0.224,-0.042,0.928,-95.129257,0.76
2017-01-23 07:31:50,RH0810053,81,House,53,1949-05-18,,318,49,"HR 1036.  BILL FOR THE RELIEF OF R. C. OWEN.  ON QUESTION, WILL THE HOUSE ON RECONSIDER ATION, PASS THE BILL, THE OBJECTIONS OF THE PRES. TO THE CONTRARY NOTWITHSTANDING?",,,Budget Special Interest,,Government Management,-0.036,-0.999,-0.112,-0.381,-0.163,0.845,-111.520424,0.738
2017-01-23 07:31:50,RH0810054,81,House,54,1949-05-24,,234,170,"HR 4591.  PROVIDE PAY ALLOWA NCES, AND PHYSICAL DISABILITY RETIREMENT FOR MEMBERS OF THE ARMY, NAVY, AIR FORCE, MARINE CORPS COAST GU ARD, COAST AND GEODETIC SURVEY, PUBLIC HEALTH SERVICE THE NA TIONAL GUARD, AND THE AIR NATIONAL GUARD.  ON MOTION TO RECMMIT FOR FURTHER STUDY.",,,Defense Policy Budget,,Foreign and Defense Policy,0.204,0.979,-0.028,0.115,0.171,0.651,-262.277488,0.522
2017-01-23 07:31:50,RH0810055,81,House,55,1949-05-26,,188,156,HR 3704.  PROVIDE ADDITIONAL REVENUE FOR D.C. ADOPTION OF CONFERENCE REPORT.,,,D. C.,Budget Special Interest,Government Management,-0.222,0.392,-0.138,-0.272,0.583,0.811,-152.763232,0.641
2017-01-23 07:31:50,RH0810056,81,House,56,1949-06-01,,371,33,HR 4617.  LIBERALIZE THE REQUIREMENT FOR PAYMENT OF PENSION IN CERTAIN CASES TO VETERANS AND THEIR WIDOWS AND CHILDREN.,Military Pensions/Veterans Benefits,,Defense Policy Budget,,Foreign and Defense Policy,0.384,-0.923,0.116,-0.219,-0.061,0.913,-109.802277,0.762
2017-01-23 07:31:50,RH0810057,81,House,57,1949-06-16,,160,220,HR 4963.  PROVIDE FOR THE APPOINTMENT OF ADDITIONAL CIRCUIT AND DISTRICT JUDGES.  ON MOTION TO RECOMMIT .,Judiciary,,Domestic Social Policy,,Government Management,-0.014,-0.042,-0.649,1.307,0.987,0.995,-7.94557,0.979
2017-01-23 07:31:50,RH0810058,81,House,58,1949-06-21,,293,55,HR 4332.  AMEND THE NATIONAL BANK ACT AND THE BRETTON WOODS AGREEMENTS ACT.,Banking and Finance,,Budget General Interest,,Government Management,0.35,0.073,0.167,0.07,0.2,0.874,-109.644404,0.73
2017-01-23 07:31:50,RH0810059,81,House,59,1949-06-29,,209,214,"HR 4009.  ESTABLISH A NATIONAL HOUSING OBJECTIVE AND THE POLICY TO BE FOLLOWED IN THE ATTAINMENT THEREOF, TO PROVIDE FED. AID TO ASSIST SLUM CLEARANCE PROJECTS AND LOW-RENT PUBLIC HOUSING PROJECTS INITIATED BY LOCAL AGENCIES, TO PROVIDE FOR FINANCIAL ASSSTANCE BY THE SEC",Housing/Housing Programs/Rent Control,,Budget Special Interest,,Social Welfare,-0.012,0.061,-0.603,-0.706,0.847,0.924,-74.458046,0.839
2017-01-23 07:31:50,RH0810060,81,House,60,1949-06-29,,285,131,HR 4009.  JENSEN AMEND.  (NON-COMMUNIST REQUIREMENT).,Communists/Communism/Unamerican Activities,,Budget Special Interest,,Social Welfare,-0.229,-0.025,-0.329,-0.268,0.748,0.921,-83.008596,0.819
2017-01-23 07:31:50,RH0810061,81,House,61,1949-06-29,,175,247,HR 4009.  MOTION TO RECOMMIT W/INSTRUCTIONS.,Housing/Housing Programs/Rent Control,,Budget Special Interest,,Social Welfare,0.044,0.079,-0.257,-0.155,0.783,0.91,-112.755519,0.766
2017-01-23 07:31:50,RH0810062,81,House,62,1949-06-29,CQ,233,191,HR 4009.  PASSAGE.,Housing/Housing Programs/Rent Control,,Budget Special Interest,,Social Welfare,0.022,0.082,0.344,0.406,0.764,0.894,-100.258915,0.789
2017-01-23 07:31:50,RH0810063,81,House,63,1949-07-06,,176,202,HR 4406.  PROVIDE FOR THE SETTLEMENT OF CERTAIN CLAIMS OF THE GOV'T.  ON ITS OWN BEHALF & ON BEHALF OF AMERICAN NATIONALS AGAINST FOREIGN GOV'TS.  MOTION TO RECOMMIT.,,,Foreign Policy Budget,,Foreign and Defense Policy,-0.091,0.148,-0.261,0.413,0.892,0.95,-65.84638,0.84
2017-01-23 07:31:50,RH0810064,81,House,64,1949-07-06,,305,22,H RES 277.  RESOLUTION PROVIDING FOR THE CONSIDERATION OF THE BILL (S 1008) TO DEFINE THE APPLICATION OF THE FTC ACT AND THE CLAYTON ACT TO CERTAIN PRICING PRACTICES.,Price Controls,,Regulation General Interest,,Government Management,-0.336,-0.942,-0.167,-0.292,0.136,0.942,-63.056792,0.825
2017-01-23 07:31:50,RH0810065,81,House,65,1949-07-11,,167,143,S 937.  AUTHORIZE THE SEC. OF THE TREASURY TO EFFECT THE PAYMENT OF CERTAIN CLAIMS AGAINST THE U.S.  ON JENNINGS AMEND.,,,Budget Special Interest,,Government Management,-0.086,-0.014,-0.196,-0.052,0.671,0.848,-110.397841,0.7
2017-01-23 07:31:50,RH0810066,81,House,66,1949-07-13,,284,111,HR 2960.  AMEND THE REA TO PROVIDE FOR RURAL TELEPHONES. PASSAGE.,Radio/Television/Motion Pictures/Telecommunications,,Budget Special Interest,,Social Welfare,0.472,0.125,0.097,-0.394,0.333,0.813,-166.690671,0.656
2017-01-23 07:31:50,RH0810067,81,House,67,1949-07-21,CQ,245,176,"HR 5345.  AMEND THE AGRICULTURAL ADJUSTMENT ACT OF 1938, AS AMENDED.  ON GORE AMEND.",Agriculture,,Regulation General Interest,,Agriculture,-0.118,-0.232,-0.295,-0.135,0.716,0.881,-100.624883,0.787
2017-01-23 07:31:50,RH0810068,81,House,68,1949-07-21,,384,25,HR 5345.  PASSAGE.,Agriculture,,Regulation General Interest,,Agriculture,0.641,-0.52,0.108,-0.569,-0.04,0.936,-81.294063,0.82
2017-01-23 07:31:50,RH0810069,81,House,69,1949-07-25,,102,243,ON MOTION TO ADJOURN,,,Internal Organization,,Miscellaneous Policy,-0.307,0.649,-0.15,-1.528,0.755,0.928,-66.59285,0.824
2017-01-23 07:31:50,RH0810070,81,House,70,1949-07-25,,259,88,"JOURNAL, APPROVAL OF.  ON ORDERING THE PREVIOUS QUESTION.",,,Internal Organization,,Miscellaneous Policy,-0.361,0.708,0.104,1.554,0.739,0.934,-64.267048,0.831
2017-01-23 07:31:50,RH0810071,81,House,71,1949-07-25,,285,54,"JOURNAL, ON APPROVAL OF.",,,Internal Organization,,Miscellaneous Policy,-0.009,0.757,0.089,0.869,0.389,0.903,-68.259703,0.818
2017-01-23 07:31:50,RH0810072,81,House,72,1949-07-25,,113,243,ON MOTION TO ADJOURN.,,,Internal Organization,,Miscellaneous Policy,-0.208,0.542,-0.14,-1.01,0.752,0.921,-83.830558,0.79
2017-01-23 07:31:50,RH0810073,81,House,73,1949-07-25,,262,100,"H RES 276.  RESOLUTION PROVIDING FOR THE CONSIDERATION OF HR 3199, A BILL MAKING UNLAWFUL THE REQUIREMENT FOR THE PAYMENT OF A POLL TAX AS PREREQUISITE TO VOTING IN A PRIMARY OR OTHER ELECTION FOR NATIONAL OFFICERS.  ON ORDERING THE PREVIOUS QUESTION.",Civil Rights/Desegregation/Busing/Affirmative Action,,Domestic Social Policy,,Civil Liberties,-0.259,0.634,0.186,1.659,0.72,0.923,-66.892062,0.831
2017-01-23 07:31:50,RH0810074,81,House,74,1949-07-25,,110,252,ON MOTION TO ADJOURN.,,,Internal Organization,,Miscellaneous Policy,-0.123,0.514,-0.168,-1.049,0.736,0.92,-86.396555,0.788
2017-01-23 07:31:50,RH0810075,81,House,75,1949-07-25,,271,106,H RES 276.  AGREEMENT TO RESOLUTION.,Civil Rights/Desegregation/Busing/Affirmative Action,,Domestic Social Policy,,Civil Liberties,-0.238,0.624,0.198,1.663,0.745,0.928,-67.98891,0.835
2017-01-23 07:31:50,RH0810076,81,House,76,1949-07-26,,133,277,HR 3199.  BILL MAKING UNLAWFUL THE REQUIREMENT FOR THE PAY- MENT OF A POLL TAX AS A PREREQUISITE TO VOTING IN A PRIMARY OR OTHER ELECTION FOR NATIONAL OFFICERS.  ON MOTION TO RECOMMIT.,Civil Rights/Desegregation/Busing/Affirmative Action,,Domestic Social Policy,,Civil Liberties,-0.172,0.476,-0.275,-2.238,0.744,0.917,-75.818822,0.831
2017-01-23 07:31:50,RH0810077,81,House,77,1949-07-26,,285,128,HR 3199.  PASSAGE.,Civil Rights/Desegregation/Busing/Affirmative Action,,Domestic Social Policy,,Civil Liberties,-0.051,0.406,0.217,1.546,0.781,0.932,-79.831078,0.824
2017-01-23 07:31:50,RH0810078,81,House,78,1949-07-27,,52,289,S 1184.  AN ACT TO ENCOURAGE CONSTRUCTION OF RENTAL HOUSING AT OR IN AREAS ADJACENT TO MILITARY AND NAVAL INSTALLATIONS.  CONFERENCE REPORT.  ON MOTION TO RECOMMIT.,Housing/Housing Programs/Rent Control,,Budget Special Interest,,Social Welfare,-0.329,-0.274,0.257,0.568,0.25,0.886,-65.071226,0.826
2017-01-23 07:31:50,RH0810079,81,House,79,1949-08-01,,155,181,"HR 3282.  REPEAL CERTAIN ACTS OF CONGRESS, KNOWN AS INDIAN LIQUOR LAWS, IN CERTAIN PARTS OF MINNESOTA.  ON SUSPENDING RULES AND PASSING THE BILL.",,,Indian Affairs,Regulation Special Interest,Government Management,-0.134,0.199,0.128,0.206,0.555,0.795,-155.345973,0.63
2017-01-23 07:31:50,RH0810080,81,House,80,1949-08-01,,255,46,HR 5602.  STRENGTHEN AND ENCOURAGE THE DEMOCRATIC FORCES IN CHINA BY AUTHORIZING THE SEC. OF STATE TO PROVIDE FOR THE RELIEF OF CHINESE STUDENTS IN THE U.S.,,,Foreign Policy Budget,,Foreign and Defense Policy,0.046,0.999,0.11,0.336,0.043,0.854,-104.861675,0.706
2017-01-23 07:31:50,RH0810081,81,House,81,1949-08-02,,359,0,"HR 5598.  INCREASE COMPENSATION FOR WW I PRESUMPTIVE SER- VICE-CONNECTED CASES PROVIDE  MINIMUM RATING FOR SERVICE- CONNECTED ARRESTED TUBERCULOSIS, INCREASE CERTAIN DISABIL- ITY AND DEATH COMPENSATION RATES, LIBERALIZE REQUIREMENTS FOR DEPENDENCY ALLOWACES AND REDEFINE THE TERMS ""LINE OF DUTY"" AND ""WILLFUL MISCONDUCT.""",Military Pensions/Veterans Benefits,,Defense Policy Budget,,Foreign and Defense Policy,0.0,0.0,0.0,0.0,,,0.0,
2017-01-23 07:31:50,RH0810082,81,House,82,1949-08-02,,356,7,HR 5632.  REORGANIZE FISCAL MANAGEMENT IN THE NATIONAL MILITARY ESTABLISHMENT TO PROMOTE ECONOMY AND EFFICIENCY. ADOPTION OF CONFERENCE REPORT.,,,Defense Policy Resolutions,,Foreign and Defense Policy,0.0,0.0,0.0,0.0,,,0.0,
2017-01-23 07:31:50,RH0810083,81,House,83,1949-08-02,,335,21,H RES 289.  RESOLUTION PROVIDING FOR THE CONSIDERATION OF HR 29.  TO AMEND THE AAA TO PROVIDE PARITY FOR TUNG NUTS. AGREEMENT TO RESOLUTION.,Agriculture,,Regulation Special Interest,,Agriculture,0.969,0.212,0.263,-0.811,-0.048,0.938,-71.532007,0.818
2017-01-23 07:31:50,RH0810084,81,House,84,1949-08-04,,249,130,H RES 310.  RESOLUTION PROVIDING FOR THE CONSIDERATION OF HR 1758 TO AMEND THE NATURAL GAS ACT.,,,Regulation Special Interest,,Government Management,-0.295,0.219,-0.167,-0.404,0.6,0.863,-128.31743,0.713
2017-01-23 07:31:50,RH0810085,81,House,85,1949-08-05,,165,228,HR 1758.  AMEND THE NATURAL GAS ACT.  ON MOTION TO RECOMMIT.,,,Regulation Special Interest,,Government Management,-0.282,0.376,0.176,0.573,0.679,0.865,-131.147559,0.716
2017-01-23 07:31:50,RH0810086,81,House,86,1949-08-05,,223,171,HR 1758.  PASSAGE.,,,Regulation Special Interest,,Government Management,-0.333,0.504,-0.209,-0.666,0.713,0.876,-120.496825,0.737
2017-01-23 07:31:50,RH0810087,81,House,87,1949-08-08,,254,129,"H RES 183.  RESOLUTION FOR THE CONSIDERATION OF HR 3190, A BILL TO PROVIDE FOR THE AMENDMENT OF THE FAIR LABOR STAND- ARDS ACT OF 1938.  ON COMMITTEE AMENDMENTS.",Union Regulation/Davis-Bacon/Situs Picketing,,Regulation Special Interest,,Social Welfare,0.115,-0.08,0.249,-0.061,0.783,0.927,-81.198802,0.809
2017-01-23 07:31:50,RH0810088,81,House,88,1949-08-08,,351,17,H RES 183.  AGREEMENT TO RESOLUTION.,Union Regulation/Davis-Bacon/Situs Picketing,,Regulation Special Interest,,Social Welfare,0.178,0.984,0.17,0.525,0.0,0.954,-49.012354,0.875
2017-01-23 07:31:50,RH0810089,81,House,89,1949-08-09,,221,175,HR 4830.  APPROPRIATIONS FOR FOREIGN AID.  ON MOTION TO INSTRUCT CONFEREES.  SENATE AMEND. NO. 1. (WATCHDOG COMMITTEE).,,,Foreign Policy Budget,,Foreign and Defense Policy,-0.005,0.406,0.295,-0.323,0.891,0.952,-58.41136,0.863
2017-01-23 07:31:50,RH0810090,81,House,90,1949-08-10,,233,189,HR 5856.  PROVIDE FOR THE AMENDMENT OF THE FAIR LABOR STANDARDS ACT OF 1938.  ON LUCAS AMENDMENT.,Union Regulation/Davis-Bacon/Situs Picketing,,Regulation Special Interest,,Social Welfare,-0.176,0.537,-0.306,-0.29,0.81,0.915,-93.244579,0.802
2017-01-23 07:31:50,RH0810091,81,House,91,1949-08-11,,364,38,HR 5856.  PASSAGE.,Union Regulation/Davis-Bacon/Situs Picketing,,Regulation Special Interest,,Social Welfare,0.29,0.624,0.136,0.47,0.0,0.905,-91.816823,0.796
2017-01-23 07:31:50,RH0810092,81,House,92,1949-08-12,,143,192,HR 5526.  AUTHORIZE THE PRES. TO PROVIDE FOR THE PERFORMANCE OF CERTAIN FUNCTIONS OF THE PRES. BY OTHER OFFICERS OF THE GOV'T.  ON HOFFMAN (MICH.)  AMENDMENT.,,,Government Organization,,Government Management,-0.084,-0.114,-0.434,0.388,0.923,0.967,-26.982937,0.923
2017-01-23 07:31:50,RH0810093,81,House,93,1949-08-15,,212,163,H J RES O39.  JOINT RESOLUTION AMENDING AN ACT MAKING TEMPORARY APPROPRIATIONS FOR THE FISCAL YEAR 1950.  ON MOTION TO SUSPEND RULES AND PASS.,,,Budget Special Interest,,Government Management,-0.079,0.083,0.209,-0.174,0.828,0.925,-94.614986,0.777
2017-01-23 07:31:50,RH0810094,81,House,94,1949-08-15,,228,94,"HR 2734.  AMEND AN ACT ENTITLED ""AN ACT TO SUPPLEMENT EXISTING LAWS AGAINST UNLAWFUL RESTRAINTS AND MONOPOLIES.""",Interstate Commerce/Anti-trust/Restraint of Commerce,,Regulation General Interest,,Government Management,0.163,-0.044,0.198,-0.026,0.564,0.873,-91.804995,0.752
2017-01-23 07:31:50,RH0810095,81,House,95,1949-08-17,,249,149,H.J. RES 339.  JOINT RESOLUTION AMENDING AN ACT MAKING TEMPORARY APPROPRIATIONS FOR THE FISCAL YEAR 1950.  ON TABER SUBSITUTE AMEND.,,,Budget Special Interest,,Government Management,-0.208,-0.058,-0.217,-0.034,0.57,0.839,-129.008099,0.723
2017-01-23 07:31:50,RH0810096,81,House,96,1949-08-17,,286,54,"H RES 327.  RESOLUTION PROVIDING FOR THE CONSIDERATION OF AND WAIVING POINTS OF ORDER AGAINST HR 5895, A BILL TO PROMOTE THE FOREIGN POLICY AND PROVIDE FOR THE DEFENSE AND GENERAL WELFARE OF THE U.S. BY FURNISHING MILITARY ASSISTANCE TO FOREIGN NATIONS.",,,Foreign Policy Budget,,Foreign and Defense Policy,0.396,0.758,0.154,0.012,0.204,0.874,-111.267733,0.721
2017-01-23 07:31:50,RH0810097,81,House,97,1949-08-18,,229,171,"HR 5895.  ON RICHARDS AMEND.  (STRIKE OUT $1,160,990,000 AND AND INSERT $580495000).",,,Foreign Policy Budget,,Foreign and Defense Policy,-0.117,0.845,-0.216,0.087,0.649,0.85,-136.571823,0.711
2017-01-23 07:31:50,RH0810098,81,House,98,1949-08-18,CQ,251,134,HR 5895.  PASSAGE.,,,Foreign Policy Budget,,Foreign and Defense Policy,0.169,0.986,0.137,-0.026,0.381,0.784,-174.142149,0.636
2017-01-23 07:31:50,RH0810099,81,House,99,1949-08-19,,200,179,HR 6008.  SUPPLEMENTAL APPROPRIATIONS FOR THE FISCAL YEAR ENDING JUNE 30 1950.  ON WHE ELER AMEND.  (SESQUICENTENNIAL COMMISSION).,,,Budget Special Interest,,Government Management,-0.144,0.029,-0.193,0.169,0.726,0.871,-117.145142,0.734
2017-01-23 07:31:50,RH0810100,81,House,100,1949-08-24,,217,163,MOTION TO ADJOURN.,,,Internal Organization,,Miscellaneous Policy,0.346,0.538,0.284,-1.074,0.908,0.961,-56.763887,0.861
2017-01-23 07:31:50,RH0810101,81,House,101,1949-08-25,,270,1,H RES 342.  RESOLUTION PROVIDING THAT IT SHALL BE IN ORDER ON AUG. 25 FOR THE SPEAKER TO RECOGNIZE MEMBERS FOR MOTIONS TO SUSPEND THE RULES.  ON MOTION TO SUSPEND RULES AND PASS.,,,Internal Organization,,Miscellaneous Policy,0.0,0.0,0.0,0.0,,,0.0,
2017-01-23 07:31:50,RH0810102,81,House,102,1949-09-27,,333,2,"HR 4495.  PROVIDE ADDITIONAL BENEFITS FOR CERTAIN POST- MASTERS, OFFICERS AND EMPLOY EES IN THE POSTAL FIELD SERVICE W/RESPECT TO ANNUAL AND SICK LEAVE, LONGEVITY PAY, AND PROMOTION.",,,Budget Special Interest,,Government Management,0.0,0.0,0.0,0.0,,,0.0,
2017-01-23 07:31:50,RH0810103,81,House,103,1949-09-28,,125,227,HR 5895.  PROMOTE THE FOREIGN POLICY AND PROVIDE FOR THE DEFENSE AND GENERAL WELFARE OF THE U.S. BY FURNISHING MILITARY ASSISTANCE TO FOREIGN NATIONS.  CONFERENCE REPORT. ON MOTION TO RECOMMIT.,,,Foreign Policy Budget,,Foreign and Defense Policy,0.124,0.434,-0.133,-0.01,0.448,0.804,-154.768509,0.644
2017-01-23 07:31:50,RH0810104,81,House,104,1949-09-28,,237,121,HE 5895.  ADOPTION OF CONFERENCE REPORT.,,,Foreign Policy Budget,,Foreign and Defense Policy,0.144,0.894,0.131,0.008,0.339,0.777,-165.950846,0.629
2017-01-23 07:31:50,RH0810105,81,House,105,1949-09-29,,187,133,"HR 4830.  APPROPRIATIONS FOR FOREIGN AID FOR THE FISCAL YEAR ENDING JUNE 30 1950.  C ONFERENCE REPORT; ON MOTION TO RECEDE AND CONCUR IN SENATE AMEND.  NO. 7 ($150,000,000-- LOANS).",,,Foreign Policy Budget,,Foreign and Defense Policy,0.06,0.328,0.199,-0.052,0.707,0.878,-93.274193,0.747
2017-01-23 07:31:50,RH0810106,81,House,106,1949-10-03,,239,42,HR 5903.  AMEND THE HOSPITAL SURVEY AND CONSTRUCTION ACT TO EXTEND ITS DURATION AND PROVIDE GREATER FINANCIAL ASSISTANCE IN THE CONSTRUCTION OF HOSPITALS.  ON MOTION TO SUSPEND RULES AND PASS.,Public Health,,Budget Special Interest,,Social Welfare,0.277,0.648,0.192,0.183,0.31,0.897,-75.024978,0.766
2017-01-23 07:31:50,RH0810107,81,House,107,1949-10-03,,214,70,S 2116.  PROVIDE FOR THE ADVANCE PLANNING OF PUBLIC WORKS. MOTION TO SUSPEND RULES AND PASS.,Public Works,,Budget Special Interest,,Government Management,0.248,0.091,0.175,0.037,0.257,0.817,-97.230897,0.71
2017-01-23 07:31:50,RH0810108,81,House,108,1949-10-03,,103,157,HR 3734.  APPROPRIATIONS FOR CIVIL FUNCTIONS ADMINISTERED BY THE DEPT. OF ARMY.  CONFERENCE REPORT.  MOTION TO IN- STRUCT CONFEREES REGARDING THE PROPOSED FUNDS FOR THE FLOOD- CONTROL PROJECT ON MISSOURI RIVER.,Public Works,,Budget Special Interest,,Government Management,-0.142,-0.741,0.157,0.028,0.476,0.792,-112.387727,0.649
2017-01-23 07:31:50,RH0810109,81,House,109,1949-10-04,,202,181,"H RES 372.  RESOLUTION PROVIDING FOR THE CONSIDERATION OF HR 6000, A BILL TO EXTEND AND IMPROVE THE FED. OLD-AGE AND SURVIVORS' INSURANCE SYSTEM  TO AMEND THE PUBLIC-ASSISTANCE AND CHILD-WELFARE PROVISIONS OF THE SOCIAL SECURITY ACT. ON PREVIOUS QUESTION.",Welfare,,Domestic Social Policy,,Social Welfare,-0.068,-0.055,0.388,-0.178,0.884,0.945,-47.644824,0.883
2017-01-23 07:31:50,RH0810110,81,House,110,1949-10-04,,214,160,H RES 372.  ON AGREEMENT TO RESOLUTION.,Welfare,,Domestic Social Policy,,Social Welfare,0.024,-0.135,0.272,-0.108,0.85,0.936,-66.038215,0.838
2017-01-23 07:31:50,RH0810111,81,House,111,1949-10-05,,128,248,HR 6000.  EXTEND AND IMPROVE THE FED. OLD-AGE AND SURVIVORS INSURANCE SYSTEM ETC.  MOTIO N TO RECOMMIT W/INSTRUCTION.,Welfare,,Domestic Social Policy,,Social Welfare,0.167,0.049,-0.282,0.303,0.844,0.947,-60.504831,0.851
2017-01-23 07:31:50,RH0810112,81,House,112,1949-10-05,,335,15,HR 6000.  PASSAGE.,Welfare,,Domestic Social Policy,,Social Welfare,0.267,0.964,0.209,0.405,0.133,0.963,-41.67617,0.888
2017-01-23 07:31:50,RH0810113,81,House,113,1949-10-06,,269,18,HR 3734.  APPROPRIATIONS FOR CIVIL FUNCTIONS ADMINISTERED BY THE DEPT. OF THE ARMY.  ADOPTION OF CONFERENCE REPORT.,,,Defense Policy Budget,,Foreign and Defense Policy,-0.987,0.161,-0.163,-0.031,0.0,0.937,-59.876727,0.812
2017-01-23 07:31:50,RH0810114,81,House,114,1949-10-10,,306,1,"HR 4146.  APPROPRIATIONS FOR THE NATIONAL SECURITY COUNCIL, THE NATIONAL SECURITY RESOURCES BOARD, AND FOR MILITARY FUNCTIONS ADMINISTERED BY THE NATIONAL MILITARY ESTABLISH- MENT.  CONFERENCE REPORT.  ON MOTION TO INSIST ON ITS DIS- AGREEMENT TO SENATE MENDMENTS NOS",,,Defense Policy Budget,,Foreign and Defense Policy,0.0,0.0,0.0,0.0,,,0.0,
2017-01-23 07:31:50,RH0810115,81,House,115,1949-10-10,,306,0,HR 4146.  ON MOTION TO INSIST ON ITS DISAGREEMENT TO SENATE AMEND. NO. 99 (STOCK PILING).,,,Internal Organization,,Miscellaneous Policy,0.0,0.0,0.0,0.0,,,0.0,
2017-01-23 07:31:50,RH0810116,81,House,116,1949-10-11,,178,183,HR 6008.  SUPPLEMENTAL APPROPRIATIONS FOR THE FISCAL YEAR ENDING JUNE 30 1950.  CONFER ENCE REPORT.  ON MOTION TO RE- COMMIT W/INSTRUCTIONS (INSIST ON DISAGREEMENT TO SENATE AMEND.  NO. 12 -- SESQUICENTENNIAL COMMISSION).,,,Budget Special Interest,,Government Management,-0.069,-0.003,-0.151,0.103,0.708,0.856,-132.699068,0.692
2017-01-23 07:31:50,RH0810117,81,House,117,1949-10-13,,30,286,"HR 1370.  AUTHORIZE APPOINTMENT OF THREE ADDITIONAL JUDGES OF THE MUNICIPAL COURT FOR D.C., PRESCRIBING THE QUALIFICA- TIONS OF APPOINTEES TO THE MUNICIPAL COURT.  ON MOTION TO RECOMMIT.",Judiciary,,D. C.,Domestic Social Policy,Government Management,0.447,0.89,-0.161,-0.072,0.0,0.905,-81.549382,0.773
2017-01-23 07:31:50,RH0810118,81,House,118,1949-10-13,,290,34,H RES 390.  RESOLUTION PROVIDING FOR THE CONSIDERATION OF AND WAIVING ALL POINTS OF ORDER AGAINST THE JOINT RESOLUTION (SJ RES 134) TO AMEND THE NATIONAL HOUSING ACT.,Housing/Housing Programs/Rent Control,,Budget Special Interest,,Social Welfare,-0.146,-0.92,0.07,-0.537,-0.029,0.892,-74.707445,0.794
2017-01-23 07:31:50,RH0810119,81,House,119,1949-10-14,,160,200,S 1008.  DEFINE THE APPLICATION OF THE FTC ACT AND THE CLAY- TON ACT TO CERTAIN PRICING PRACTICES.  CONFERENCE REPORT. ON MOTION TO RECOMMIT W/INSTRUCTIONS.  (INSIST UPON HOUSE AMENDMENTS),Price Controls,,Regulation General Interest,,Government Management,-0.167,0.008,0.161,-0.067,0.625,0.833,-138.935486,0.68
2017-01-23 07:31:50,RH0810120,81,House,120,1949-10-14,,221,125,S 1008.  ADOPTION OF CONFERENCE REPORT.,Price Controls,,Regulation General Interest,,Government Management,-0.268,-0.027,-0.163,0.052,0.464,0.806,-140.729504,0.666
2017-01-23 07:31:50,RH0810121,81,House,121,1949-10-17,,179,119,"S 2105.  STIMULATE EXPLORATION FOR AND CONSERVATION OF STRA- TEGIC AND CRITICAL ORES META LS, AND MINERALS.  ON MOTION TO SUSPEND AND PASS THE BILL.",,,Budget Special Interest,,Government Management,0.013,1.0,0.08,0.053,0.202,0.681,-178.292258,0.55
2017-01-23 07:31:50,RH0810122,81,House,122,1950-01-19,,195,200,"HR 5330.  BILL TO PROMOTE WORLD PEACE AND THE GENERAL WELFARE, NATIONAL INTEREST A ND FOREIGN POLICY OF THE U.S. BY PROVIDING AID TO THE REPUBLIC OF KOREA.  MOTION TO RECOMMIT.",Korean War,,Foreign Policy Budget,,Foreign and Defense Policy,-0.082,0.503,-0.189,-0.085,0.672,0.838,-141.714237,0.699
2017-01-23 07:31:50,RH0810123,81,House,123,1950-01-19,CQ,198,198,HR 5330.  PASSAGE (FAILED).,Korean War,,Foreign Policy Budget,,Foreign and Defense Policy,-0.07,0.278,0.177,0.094,0.662,0.831,-146.664931,0.69
2017-01-23 07:31:50,RH0810124,81,House,124,1950-01-20,,165,259,MOTION TO ADJOURN.,,,Internal Organization,,Miscellaneous Policy,-0.139,-0.292,-0.239,0.641,0.933,0.974,-46.042041,0.897
2017-01-23 07:31:50,RH0810125,81,House,125,1950-01-20,CQ,185,238,H RES 133.  RESOLUTION TO AMEND PARAGRAPH (2) (C) OF RULE XI OF THE RULES OF THE HOUSE TO READ AS IT READ DURING THE EIGHTIETH CONGRESS.,,,Internal Organization,,Miscellaneous Policy,-0.281,0.832,-0.285,-0.711,0.703,0.87,-128.708091,0.738
2017-01-23 07:31:50,RH0810126,81,House,126,1950-01-23,,374,25,"H RES 217.  RESOLUTION PROVIDING FOR THE CONSIDERATION OF HR 331, A BILL TO PROVIDE FOR THE ADMISSION OF ALASKA.  ON ORDERING PREVIOUS QUESTION.",,,Government Organization,,Government Management,0.265,0.964,0.122,0.353,0.04,0.94,-77.86524,0.823
2017-01-23 07:31:50,RH0810127,81,House,127,1950-01-31,,147,251,H J RES 398.  RELATING TO COTTON AND PEANUT ACREAGE ALLOT- MENTS AND MARKETING QUOTAS UNDER THE AAA.  ON MOTION TO RECOMMIT.,Agriculture,,Regulation Special Interest,,Agriculture,0.274,-0.006,-0.068,0.707,0.517,0.822,-140.677353,0.702
2017-01-23 07:31:50,RH0810128,81,House,128,1950-02-01,,114,277,CALENDAR WEDNESDAY.  ON MOTION TO DISPENSE WITH,,,Internal Organization,,Miscellaneous Policy,-0.181,0.532,-0.11,-2.966,0.781,0.936,-61.694402,0.854
2017-01-23 07:31:50,RH0810129,81,House,129,1950-02-09,,166,235,H R 2945.  BILL TO READJUST POSTAL RATES.  ON MOTION TO RECOMMIT.,,,Budget Special Interest,,Government Management,0.073,0.206,-0.105,0.196,0.633,0.848,-173.138531,0.649
2017-01-23 07:31:50,RH0810130,81,House,130,1950-02-09,,154,257,"S 2319.  PROMOTE WORLD PEACE AND THE GENERAL WELFARE, NATIONAL INTEREST AND FOREIGN POLICY OF THE U.S. BY PROVIDING AID TO THE REPUBLIC OF KOREA.  ON MOTION TO RECOMMIT W/INSTRUCTIONS.",Korean War,,Foreign Policy Budget,,Foreign and Defense Policy,0.058,0.284,-0.168,-0.091,0.558,0.835,-153.169587,0.689
2017-01-23 07:31:50,RH0810131,81,House,131,1950-02-09,,258,151,S2319.  PASSAGE.,Korean War,,Foreign Policy Budget,,Foreign and Defense Policy,0.045,0.445,0.145,0.095,0.457,0.8,-174.128123,0.653
2017-01-23 07:31:50,RH0810132,81,House,132,1950-02-15,,258,82,ON MOTION THAT FURTHER PROCEEDINGS UNDER THE CALL BE DISPENSED WITH.,,,Internal Organization,,Miscellaneous Policy,-0.453,0.866,0.074,0.808,0.476,0.874,-100.562142,0.744
2017-01-23 07:31:50,RH0810133,81,House,133,1950-02-15,,111,250,MOTION TO ADJOURN.,,,Internal Organization,,Miscellaneous Policy,-0.136,0.508,-0.08,-3.003,0.838,0.95,-57.128861,0.854
2017-01-23 07:31:50,RH0810134,81,House,134,1950-02-15,,106,250,CALENDAR WEDNESDAY.  ON MOTION TO DISPENSE WITH.,,,Internal Organization,,Miscellaneous Policy,-0.124,0.534,-0.033,-3.262,0.84,0.952,-62.169763,0.84
2017-01-23 07:31:50,RH0810135,81,House,135,1950-02-15,,122,232,MOTION TO ADJOURN.,,,Internal Organization,,Miscellaneous Policy,-0.275,0.495,-0.168,-1.923,0.811,0.935,-61.180787,0.841
2017-01-23 07:31:50,RH0810136,81,House,136,1950-02-15,,139,211,MOTION TO ADJOURN.,,,Internal Organization,,Miscellaneous Policy,-0.342,0.511,-0.231,-1.601,0.748,0.9,-78.543603,0.799
2017-01-23 07:31:50,RH0810137,81,House,137,1950-02-15,,256,99,ON MOTION THAT FURTHER PROCEEDINGS UNDER THE CALL BE DISPENSED WITH.,,,Internal Organization,,Miscellaneous Policy,-0.244,0.627,0.098,1.265,0.737,0.927,-64.241853,0.834
2017-01-23 07:31:50,RH0810138,81,House,138,1950-02-21,,163,216,S 2734.  PROMOTE THE REHABILITATION OF THE NAVAJO AND HOPI TRIBES AND A BETTER UTILIZATION OF THE RESOURCES OF THE NAVAJO AND HOPI INDIAN RESERVATIONS.  ON D'EWART AMEND.,,,Indian Affairs,Budget Special Interest,Government Management,-0.016,-0.131,-0.6,0.766,0.975,0.989,-17.432295,0.955
2017-01-23 07:31:50,RH0810139,81,House,139,1950-02-22,,133,284,ON MOTION TO ADJOURN,,,Internal Organization,,Miscellaneous Policy,-0.168,0.534,-0.18,-3.634,0.752,0.921,-111.526803,0.765
2017-01-23 07:31:50,RH0810140,81,House,140,1950-02-22,,129,289,CALENDAR WEDNESDAY.  ON MOTION TO DISPENSE WITH.,,,Internal Organization,,Miscellaneous Policy,-0.208,0.551,-0.163,-3.563,0.783,0.933,-104.390665,0.779
2017-01-23 07:31:50,RH0810141,81,House,141,1950-02-22,,293,118,ON MOTION THAT FURTHER PROCEEDINGS UNDER THE CALL BE DIS- PENSED WITH.,,,Internal Organization,,Miscellaneous Policy,-0.144,0.496,0.181,2.184,0.797,0.942,-62.000065,0.86
2017-01-23 07:31:50,RH0810142,81,House,142,1950-02-22,,131,288,ON MOTION TO ADJOURN.,,,Internal Organization,,Miscellaneous Policy,-0.18,0.503,-0.211,-3.322,0.794,0.936,-94.187493,0.799
2017-01-23 07:31:50,RH0810143,81,House,143,1950-02-22,,293,126,"HR 4453.  PROHIBIT DISCRIMINATION IN EMPLOYMENT BECAUSE OF RACE, COLOR, RELIGION OR NAT IONAL ORGIN.  ON QUESTION OF CONSIDERATION.",Civil Rights/Desegregation/Busing/Affirmative Action,,Domestic Social Policy,,Civil Liberties,-0.317,0.532,0.16,2.849,0.778,0.933,-76.879851,0.832
2017-01-23 07:31:50,RH0810144,81,House,144,1950-02-22,,174,248,ON MOTION TO ADJOURN.,,,Internal Organization,,Miscellaneous Policy,-0.151,0.311,-0.371,-2.982,0.759,0.9,-104.605533,0.78
2017-01-23 07:31:50,RH0810145,81,House,145,1950-02-22,,278,140,HR 4453.  ON QUESTION OF CONSIDERATION.,Civil Rights/Desegregation/Busing/Affirmative Action,,Domestic Social Policy,,Civil Liberties,-0.367,0.527,0.201,2.121,0.736,0.911,-83.380568,0.819
2017-01-23 07:31:50,RH0810146,81,House,146,1950-02-22,,227,183,HR 4453.  ON THE MCCONNELL AMEND.,Civil Rights/Desegregation/Busing/Affirmative Action,,Domestic Social Policy,,Civil Liberties,-0.286,0.375,-0.213,-0.737,0.76,0.893,-115.864371,0.754
2017-01-23 07:31:50,RH0810147,81,House,147,1950-02-23,,181,243,HR 4453.  ON MOTION TO RECOMMIT.,Civil Rights/Desegregation/Busing/Affirmative Action,,Domestic Social Policy,,Civil Liberties,0.041,0.179,-0.016,-0.521,0.597,0.828,-178.793993,0.656
2017-01-23 07:31:50,RH0810148,81,House,148,1950-02-23,CQ,245,182,HR 4453.  ON PASSAGE.,Civil Rights/Desegregation/Busing/Affirmative Action,,Domestic Social Policy,,Civil Liberties,0.327,-0.024,0.085,0.948,0.681,0.864,-146.779735,0.709
2017-01-23 07:31:50,RH0810149,81,House,149,1950-02-28,,252,156,S1008.  DEFINE THE APPLICATION OF THE FTC ACT AND THE CLAY- TON ACT TO CERTAIN PRICING PRACTICES.  ON MOTION TO AGREE TO CONFERENCE REQUESTED BY SENATE.,Price Controls,,Regulation General Interest,,Government Management,-0.228,0.057,-0.139,0.056,0.404,0.772,-184.547926,0.636
2017-01-23 07:31:50,RH0810150,81,House,150,1950-02-28,,225,175,S 1008.  ON MOTION TO INSTRUCT CONFEREES BE LAID ON THE TABLE.,Price Controls,,Regulation General Interest,,Government Management,-0.154,0.193,-0.13,0.028,0.474,0.77,-186.564344,0.627
2017-01-23 07:31:50,RH0810151,81,House,151,1950-03-01,,265,102,HR 5953.  AUTHORIZE CONTRIBUTIONS TO COOPERATIVE FOR AMERICAN REMITTANCES TO EUROPE.  ON MOTION TO STRIKE OUT THE ENACTING CLAUSE.,,,Foreign Policy Budget,,Foreign and Defense Policy,-0.367,0.93,-0.137,-0.015,0.069,0.741,-177.636625,0.616
2017-01-23 07:31:50,RH0810152,81,House,152,1950-03-01,,147,254,HR 4846.  PROMOTE THE PROGRESS OF SCIENCE;  TO ADVANCE THE NATIONAL HEALTH PROSPERITY   AND WELFARE; TO SECURE THE NATIONAL DEFENSE AND FOR OTH ER PURPOSES.  MOTION TO RE- COMMIT.,Science and Technology,,Budget Special Interest,,Government Management,0.129,-0.015,-0.201,-0.195,0.51,0.82,-139.288967,0.707
2017-01-23 07:31:50,RH0810153,81,House,153,1950-03-01,,261,139,HR 4846.  PASSAGE.,Science and Technology,,Budget Special Interest,,Government Management,0.155,-0.043,0.206,0.216,0.482,0.82,-138.654003,0.707
2017-01-23 07:31:50,RH0810154,81,House,154,1950-03-03,,210,169,HR 331.  PROVIDE FOR THE ADMISSION OF ALASKA.  ON PASSAGE.,,,Government Organization,,Government Management,-0.262,0.927,0.12,0.243,0.396,0.731,-193.01637,0.601
2017-01-23 07:31:50,RH0810155,81,House,155,1950-03-07,,280,129,HR 49.  ENABLE THE PEOPLE OF HAWAII TO FORM A CONSTITUTION AND STATE GOV'T AND TO BE ADMITTED TO THE UNION ON AN EQUAL FOOTING W/THE ORIGINAL STATES.,,,Government Organization,,Government Management,-0.171,0.617,0.035,0.339,0.38,0.804,-199.478572,0.614
2017-01-23 07:31:50,RH0810156,81,House,156,1950-03-07,,222,178,HR 4406.  PROVIDE FOR THE SETTLEMENT OF CERTAIN CLAIMS OF THE U. S. ON ITS OWN BEHALF AND ON BEHALF OF AMERICAN NATIONALS AGAINST FOREIGN GOV'TS.  ADOPTION OF CONFERENCE REPORT.,,,Foreign Policy Budget,,Foreign and Defense Policy,-0.075,-0.018,0.283,-0.342,0.91,0.96,-52.032698,0.878
2017-01-23 07:31:50,RH0810157,81,House,157,1950-03-07,,265,107,"HR 2023.  REGULATE OLEOMARGARINE, TO REPEAL CERTAIN TAXES RELATING TO OLEOMARGARINE.  ADOPTION OF CONFERENCE REPORT.",Tax rates,,Regulation Special Interest,,Foreign and Defense Policy,0.198,0.953,0.117,0.026,0.364,0.817,-175.778301,0.623
2017-01-23 07:31:50,RH0810158,81,House,158,1950-03-09,,228,159,"H RES 481.  RESOLUTION PROVIDING FOR CONSIDERATION OF HR 874, A BILL TO PROVIDE FOR THE DEMONSTRATION OF PUBLIC LIBRARY SERVICE IN AREAS W/OUT SUCH SERVICE OR WITH IN- ADEQUATE LIBRARY FACILITIES.",,,Budget Special Interest,,Social Welfare,0.025,-0.091,0.152,-0.177,0.686,0.871,-125.281172,0.723
2017-01-23 07:31:50,RH0810159,81,House,159,1950-03-09,,187,201,"HR 874.  PROVIDE FOR THE DEMONSTRATION OF PUBLIC LIBRARY SERVICE, ETC. (ABOVE).  ON MOTION TO RECOMMIT.",,,Budget Special Interest,,Social Welfare,-0.057,0.056,-0.161,0.114,0.668,0.84,-137.769624,0.701
2017-01-23 07:31:50,RH0810160,81,House,160,1950-03-09,,193,196,HR 874.  ON PASSAGE.,,,Budget Special Interest,,Social Welfare,-0.092,-0.069,0.158,-0.076,0.653,0.828,-148.336971,0.683
2017-01-23 07:31:50,RH0810161,81,House,161,1950-03-13,,70,242,HR 3247.  AMEND THE ALCOHOLIC BEVERAGE CONTROL ACT OF 1934 OF D.C.  ON QUESTION OF CONSIDERATION.,Temperance and Liquor,,Regulation Special Interest,,Social Welfare,-0.233,-0.366,0.142,0.2,0.343,0.853,-114.011881,0.694
2017-01-23 07:31:50,RH0810162,81,House,162,1950-03-14,,191,220,S 1008.  DEFINE THE APPLICATION OF THE FTC ACT AND THE CLAYTON ACT TO CERTAIN PRICING PRACTICES.  MOTION TO RECOMMIT CONFERENCE REPORT.,Price Controls,,Regulation General Interest,,Government Management,-0.075,0.419,0.107,-0.129,0.471,0.754,-203.765415,0.609
2017-01-23 07:31:50,RH0810163,81,House,163,1950-03-15,,368,2,HR 4703.  BILL RELATING TO THE INTERNAL SECURITY OF THE U.S.  ON PASSAGE.,,,Domestic Social Policy,,Government Management,0.0,0.0,0.0,0.0,,,0.0,
2017-01-23 07:31:50,RH0810164,81,House,164,1950-03-16,,125,234,H J RES 398.  JOINT RESOLUTION TO COTTON AND PEANUT ACREAGE ALLOTMENTS AND MARKETING QUOTAS UNDER THE AGRICULTURAL ADJUSTMENT ACT OF 1938.  ON MOTION TO RECOMMIT CONFERENCE REPORT.,Agriculture,,Regulation Special Interest,,Agriculture,0.023,-0.174,-0.014,0.519,0.432,0.802,-152.726799,0.653
2017-01-23 07:31:50,RH0810165,81,House,165,1950-03-16,,187,194,"S 2105.  ACT TO STIMULATE EXPLORATION FOR THE CONSERVATION OF STRATEGIC AND CRITICAL ORES, METALS AND MINERALS. MOTION TO RECOMMIT.",,,Budget Special Interest,,Government Management,-0.044,0.051,-0.059,-0.012,0.305,0.659,-240.330642,0.532
2017-01-23 07:31:50,RH0810166,81,House,166,1950-03-16,,178,199,S 2105.  ON PASSAGE.,,,Budget Special Interest,,Government Management,-0.14,0.99,0.064,0.002,0.275,0.658,-241.641479,0.527
2017-01-23 07:31:50,RH0810167,81,House,167,1950-03-20,,245,101,HR 7057.  AMEND VETERANS REGULATION NO. 1 (A) W/RESPECT TO THE COMPUTATION OF ESTIMATED COSTS OF TEACHING PERSONNEL AND SUPPLIES FOR INSTRUCTION IN THE CASE OF COLLEGES OF AGRICULTURE AND THE MECHANIC ARTS.  MOTION TO SUSPEND RULES AND PASS.,Education,,Budget Special Interest,,Government Management,-0.164,-0.74,0.024,-0.193,0.099,0.737,-193.745506,0.571
2017-01-23 07:31:50,RH0810168,81,House,168,1950-03-22,,239,176,"HR 7402.  ASSIST COOPERATIVE AND OTHER NON-PROFIT CORPORA- TIONS IN THE PRODUCTION OF HOUSING FOR MODERATE-INCOME FAMILIES:  TO AMEND THE NATIONAL HOUSING ACT, AS AMENDED. ON WALCOTT AMEND.  (STRIKE OUT TITLE I--COOPERATIVES)",Housing/Housing Programs/Rent Control,,Budget Special Interest,,Social Welfare,-0.137,0.18,-0.265,-0.289,0.767,0.901,-98.291483,0.789
2017-01-23 07:31:50,RH0810169,81,House,169,1950-03-22,,362,10,HR 7402.  PASSAGE.,Housing/Housing Programs/Rent Control,,Budget Special Interest,,Social Welfare,0.44,0.898,0.25,0.254,0.1,0.976,-29.563866,0.924
2017-01-23 07:31:50,RH0810170,81,House,170,1950-03-23,,348,12,H RES 482.  RESOLUTION TO AUTHORIZE THE EXPENDITURE OF CERTAIN FUNDS FOR THE EXPENSES OF HUAC.,Communists/Communism/Unamerican Activities,,Internal Organization,Budget Special Interest,Government Management,-0.603,-0.091,-0.55,-1.045,0.417,0.981,-18.681476,0.949
2017-01-23 07:31:50,RH0810171,81,House,171,1950-03-23,,211,172,"H J RES 398.  JOINT RESOLUTION RELATING TO COTTON AND PEANUT ACREAGE ALLOTMENTS AND MARKETING QUOTAS UNDER THE AAA OF 1938, AS AMENDED.  ADOPTION OF CONFERENCE REPORT.",Agriculture,,Regulation Special Interest,,Agriculture,-0.074,-0.024,-0.01,-0.58,0.453,0.755,-168.659105,0.644
2017-01-23 07:31:50,RH0810172,81,House,172,1950-03-24,,262,22,"H RES 518.  RESOLUTION PROVIDING FOR THE CONSIDERATION OF AND WAIVING POINTS OF ORDER AGAINST HR 7797, TO PROVIDE FOREIGN ECONOMIC ASSISTANCE.",,,Foreign Policy Budget,,Foreign and Defense Policy,0.354,0.935,0.138,0.23,0.091,0.93,-63.84868,0.799
2017-01-23 07:31:50,RH0810173,81,House,173,1950-03-31,CQ,172,242,HR 7797.  PROVIDE FOREIGN ECONOMIC ASSISTANCE.  ON MOTION TO RECOMMIT.,,,Foreign Policy Budget,,Foreign and Defense Policy,-0.006,0.745,-0.205,-0.053,0.703,0.877,-135.682061,0.721
2017-01-23 07:31:50,RH0810174,81,House,174,1950-03-31,,303,102,HR 7797.  PASSAGE.,,,Foreign Policy Budget,,Foreign and Defense Policy,0.258,0.03,0.153,0.094,0.422,0.854,-153.632833,0.684
2017-01-23 07:31:50,RH0810175,81,House,175,1950-03-31,CQ,195,193,"H RES 531.  RESOLUTION TO TAKE FROM SPEAKER'S TABLE HR 1758, A BILL TO AMEND THE NATURAL GAS ACT AND AGREE TO THE SENATE AMENDMENT.",,,Regulation Special Interest,,Government Management,-0.475,0.796,-0.175,-0.62,0.653,0.827,-146.549974,0.685
2017-01-23 07:31:50,RH0810176,81,House,176,1950-04-21,,333,0,"S J RES 166.  JOINT RESOLUTION TO AUTHORIZE THE AWARD POSTHUMOUSLY OF AN APPROPRIATE DECORATION TO MEMBERS OF THE CREW OF THE U.S. NAVY PRIVATEER WHO LOST THEIR LIVES IN OR OVER THE BALTIC SEA ON APRIL 8, 1950, WHILE IN THE PERFOR- MANCE OF DUTY.",,,Defense Policy Resolutions,,Foreign and Defense Policy,0.0,0.0,0.0,0.0,,,0.0,
2017-01-23 07:31:50,RH0810177,81,House,177,1950-05-01,,239,109,"HR 7185.  AMEND PUBLIC LAW 359, CHAPTER 287, 78TH CONGRESS, 2ND SESSION.",,,Budget Special Interest,,Government Management,-0.539,0.405,-0.173,-0.711,0.495,0.842,-121.979378,0.704
2017-01-23 07:31:50,RH0810178,81,House,178,1950-05-01,,202,91,HR 6354.  AUTHORIZE THE BOARD OF COMMISSIONERS OF D.C. TO ESTABLISH DAYLIGHT SAVING TIME.,,,D. C.,Domestic Social Policy,Government Management,0.416,-0.229,0.114,0.274,0.22,0.758,-149.071002,0.601
2017-01-23 07:31:50,RH0810179,81,House,179,1950-05-03,,218,145,"HR 5472.  AUTHORIZING THE CONSTRUCTION, REPAIR, AND PRESER- VATION OF CERTAIN PUBLIC WORKS ON RIVERS AND HARBORS FOR NAVAGATION, FLOOD CONTROL.  ADOPTION OF CONFERENCE REPORT.",Public Works,,Budget Special Interest,,Government Management,-0.308,-0.412,0.03,-0.222,0.166,0.667,-212.763874,0.556
2017-01-23 07:31:50,RH0810180,81,House,180,1950-05-04,,203,140,HR 1243.  AMEND THE HATCH ACT.  ADOPTION OF CONFERENCE,"Campaign Contributions, Lobbying/House Ethics Campaign Laws",,Regulation Special Interest,,Social Welfare,0.261,0.554,0.173,-0.35,0.814,0.924,-90.677474,0.768
2017-01-23 07:31:50,RH0810181,81,House,181,1950-05-06,,98,170,ON MOTION TO ADJOURN. REPORT.,,,Internal Organization,,Miscellaneous Policy,-0.056,0.998,-0.117,-0.159,0.265,0.731,-139.571723,0.594
2017-01-23 07:31:50,RH0810182,81,House,182,1950-05-10,,258,132,"HR 7786.  APPROPRIATIONS FOR THE SUPPORT OF THE GOV'T FOR THE FISCAL YEAR ENDING JUNE 30, 1951.  ON GORE AMEND. (STRIKE OUT $150000000 HOSPITAL CONSTRUCTION.)",Public Health,,Budget Special Interest,,Social Welfare,0.147,0.047,0.138,0.048,0.402,0.797,-168.281839,0.65
2017-01-23 07:31:50,RH0810183,81,House,183,1950-05-10,,222,163,"HR 7786.  ON CASE (S.D.) AMEND. TO STRIKE OUT $11,700,000 AND INSERT $8,750000 PUBLIC   HOUSING ADMINISTRATION.",Housing/Housing Programs/Rent Control,,Budget Special Interest,,Social Welfare,-0.046,-0.249,-0.4,-0.403,0.785,0.909,-73.013945,0.827
2017-01-23 07:31:50,RH0810184,81,House,184,1950-05-10,,285,125,"HR 7786.  ON THOMAS-TABER AMEND.  (GENERAL REDUCTIONS, 2 TO 10 PER CENT.)",,,Budget General Interest,,Government Management,-0.268,-0.029,-0.322,-0.087,0.648,0.893,-92.901337,0.797
2017-01-23 07:31:50,RH0810185,81,House,185,1950-05-10,,211,195,HR 7786.  ON JENSEN AMEND.  (LIMIT 10 PER CENT PERSONNEL APPOINTMENTS.),,,Government Organization,,Government Management,-0.093,0.019,-0.354,-0.019,0.851,0.929,-70.50218,0.841
2017-01-23 07:31:50,RH0810186,81,House,186,1950-05-10,,362,21,HR 7786.  PASSAGE.,,,Budget General Interest,,Government Management,0.52,0.594,0.182,0.131,0.095,0.95,-63.529436,0.847
2017-01-23 07:31:50,RH0810187,81,House,187,1950-05-15,,195,32,"H RES 567.  RESOLUTION PROVIDING FOR THE CONSIDERATION OF HR 5990, A BILL TO PROVIDE FOR THE DEVELOPMENT, ADMIN., AND MAINTENANCE OF THE BALTIMORE-WASHINGTON PARKWAY AS AN EXTENSION OF THE PARK SYSTEM OF D.C. AND ITS ENVIRONS BY THE SEC. OF THE INTERIOR.",Parks and Conservation,,Budget Special Interest,,Government Management,0.45,-0.079,0.15,-0.082,0.156,0.881,-71.511234,0.73
2017-01-23 07:31:50,RH0810188,81,House,188,1950-05-15,,192,29,HR 5990.  ON MOTION TO GO INTO COMMITTEE OF THE WHOLE HOUSE ON THE STATE OF THE UNION.,,,Internal Organization,,Miscellaneous Policy,0.449,-0.006,0.172,-0.112,0.207,0.896,-60.508094,0.76
2017-01-23 07:31:50,RH0810189,81,House,189,1950-05-15,,257,45,"HR 7941.  AMEND AND SUPPLEMENT THE FEDERAL-AID ROAD ACT, AS AMENDED AND SUPPLEMENTED TO  AUTHORIZE APPROPRIATIONS FOR CONTINUING THE CONSTRUCTION OF HIGHWAYS.  ON PASSAGE.",Public Works,,Budget Special Interest,,Government Management,-0.169,-0.898,0.088,-0.536,0.222,0.884,-79.572356,0.768
2017-01-23 07:31:50,RH0810190,81,House,190,1950-05-23,,258,98,HR 7797.  PROVIDE FOREIGN ECONOMIC ASSISTANCE.  ADOPTION OF CONFERENCE REPORT.,,,Foreign Policy Budget,,Foreign and Defense Policy,0.225,0.03,0.157,0.086,0.429,0.843,-133.30585,0.688
2017-01-23 07:31:50,RH0810191,81,House,191,1950-06-06,,184,119,"HR 7468.  BILL FOR THE RELIEF OF SUNDRY CLAIMANTS.  MOTION TO STRIKE OUT TITLE III (HR 5546, RELIEF OF HARRY TANSEY).",,,Budget Special Interest,,Government Management,-0.19,0.182,-0.177,-0.171,0.672,0.871,-108.523971,0.699
2017-01-23 07:31:50,RH0810192,81,House,192,1950-06-13,,155,240,"HR 8276.  EXTEND THE HOUSING & RENT ACT OF 1947, AS AMENDED. MOTION TO RECOMMIT.",Housing/Housing Programs/Rent Control,,Regulation Special Interest,,Social Welfare,0.053,0.194,-0.276,-0.201,0.729,0.894,-99.455985,0.777
2017-01-23 07:31:50,RH0810193,81,House,193,1950-06-13,,220,180,HR 8276.  PASSAGE.,Housing/Housing Programs/Rent Control,,Regulation Special Interest,,Social Welfare,-0.012,0.212,0.238,0.282,0.7,0.865,-119.509662,0.742
2017-01-23 07:31:50,RH0810194,81,House,194,1950-06-21,,246,91,HR 6567.  INCREASE THE BORROWING POWER OF COMMODITY CREDIT CORPORATION.  ADOPTION OF CONFERENCE REPORT.,Banking and Finance,,Budget Special Interest,,Agriculture,-0.452,-0.668,0.098,-0.762,0.396,0.837,-105.116167,0.732
2017-01-23 07:31:50,RH0810195,81,House,195,1950-06-21,,195,163,S 3181.  EXTEND FOR 1 YEAR THE HOUSING AND RENT ACT OF 1947 AS AMENDED.  ADOPTION OF CONFERENCE REPORT.,Housing/Housing Programs/Rent Control,,Regulation Special Interest,,Social Welfare,-0.002,0.15,0.225,0.214,0.693,0.86,-108.357183,0.739
2017-01-23 07:31:50,RH0810196,81,House,196,1950-06-22,,209,91,HJ RES 334.  JOINT RESOLUTION TO AMEND CERTAIN LAWS PROVID- FOR MEMBERSHIP AND PARTICIPATION BY THE U.S. IN CERTAIN INTERNATIONAL ORGANIZATIONS.  ON PASSAGE.,U. N.,,Foreign Policy Resolutions,,Foreign and Defense Policy,0.147,0.262,0.259,0.109,0.648,0.893,-78.960415,0.769
2017-01-23 07:31:50,RH0810197,81,House,197,1950-06-22,,232,61,"H RES 649.  RESOLUTION PROVIDING FOR THE CONSIDERATION OF S 2269, A BILL TO PROVIDE FOR THE ENLISTMENT OF ALIENS IN THE REGULAR ARMY.",,,Defense Policy Resolutions,,Foreign and Defense Policy,0.051,0.926,0.092,0.254,-0.016,0.788,-124.145625,0.655
2017-01-23 07:31:50,RH0810198,81,House,198,1950-06-22,,212,95,S 2269.  ACT TO PROVIDE FOR THE ENLISTMENT OF ALIENS IN THE REGULAR ARMY.  PASSAGE.,,,Defense Policy Resolutions,,Foreign and Defense Policy,0.474,-0.208,0.094,0.252,0.158,0.739,-163.83052,0.586
2017-01-23 07:31:50,RH0810199,81,House,199,1950-06-26,,115,165,H R 87.  BILL RELATING TO THE PROMOTION OF VETERANS OF WW II IN THE FIELD SERVICE OF THE POST OFFICE DEPT.  ON MOTION TO REFER TO COMMITTEE ON POST OFFICE AND CIVIL SERVICE.,Military Pensions/Veterans Benefits,,Budget Special Interest,,Government Management,-0.393,0.756,-0.026,-0.195,0.122,0.639,-175.306387,0.535
2017-01-23 07:31:50,RH0810200,81,House,200,1950-06-26,,213,72,"HR 87.  ON QUESTION WILL THE  HOUSE, ON RECONSIDERATION, PASS THE BILL, THE OBJECTIONS OF THE PRES. THE CONTRARY NOTWITHSTANDING?",Military Pensions/Veterans Benefits,,Budget Special Interest,,Government Management,-0.005,0.993,0.012,0.218,-0.056,0.733,-150.216188,0.59
2017-01-23 07:31:50,RH0810201,81,House,201,1950-06-27,,315,4,HR 6826.  EXTEND THE SELECTIVE SERVICE ACT OF 1948 FOR A PERIOD OF 3 YEARS.  ADOPTION OF CONFERENCE REPORT.,Selective Service (The Draft),,Defense Policy Resolutions,,Foreign and Defense Policy,0.0,0.0,0.0,0.0,,,0.0,
2017-01-23 07:31:50,RH0810202,81,House,202,1950-06-29,,159,251,HR 8920.  REDUCE EXCISE TAXES.  ON MOTION TO RECOMMIT.,Tax rates,,Budget General Interest,,Government Management,-0.091,-0.346,-0.242,0.55,0.918,0.968,-47.47847,0.891
2017-01-23 07:31:50,RH0810203,81,House,203,1950-06-29,,376,15,HR 8920.  ON PASSAGE.,Tax rates,,Budget General Interest,,Government Management,0.599,-0.018,0.226,-0.12,0.067,0.964,-44.613105,0.892
2017-01-23 07:31:50,RH0810204,81,House,204,1950-06-29,,73,265,"S 3550.  AN ACT TO CONTINUE FOR A TEMPORARY PERIOD CERTAIN POWERS, AUTHORITY AND DISCRE TION FOR THE PURPOSE OF EXERCISING, ADMINISTERING AN D ENFORCING IMPORT CONTROLS W/RESPECT TO FATS AND OILS (INCLUDING BUTTER), AND RICE AND RICE PRODUCTS.  MOTION TORECOMMIT.",Tariffs,,Regulation Special Interest,,Government Management,0.282,0.487,-0.153,-0.03,0.301,0.849,-121.752896,0.698
2017-01-23 07:31:50,RH0810205,81,House,205,1950-06-30,,1,260,S 3336.  AN ACT TO PROVIDE FOR THE ORGANIZATION OF A CONSTITUTIONAL GOVERNMENT BY THE PEOPLE OF PUERTO RICO. MOTION TO RECOMMIT.,,,Government Organization,,Government Management,0.0,0.0,0.0,0.0,,,0.0,
2017-01-23 07:31:50,RH0810206,81,House,206,1950-07-10,,271,94,H RES. 647.  RESOLUTION DISAPPROVING REORGANIZATION PLAN NO. 27 OF 1950.,,,Government Organization,,Government Management,-0.293,-0.06,-0.413,-0.466,0.713,0.926,-59.050327,0.851
2017-01-23 07:31:50,RH0810207,81,House,207,1950-07-12,,171,200,HR 8083.  AMEND THE EXPORT-IMPORT BANK ACT TO VEST IN THE EXPORT-IMPORT BANK OF WASHINGTON THE POWER TO GUARANTEE U.S. INVESTMENTS ABROAD.  MOTION TO RECOMMIT.,Banking and Finance,,Foreign Policy Resolutions,,Foreign and Defense Policy,-0.033,0.091,-0.229,0.251,0.86,0.935,-69.724185,0.829
2017-01-23 07:31:50,RH0810208,81,House,208,1950-07-12,,211,166,HR 8083.  PASSAGE.,Banking and Finance,,Foreign Policy Resolutions,,Foreign and Defense Policy,0.041,0.433,0.225,-0.155,0.813,0.918,-84.179294,0.8
2017-01-23 07:31:50,RH0810209,81,House,209,1950-07-12,,144,193,HR 7439.  PROTECT THE NATIONAL SECURITY OF THE U.S. BY PERMITTING THE SUMMARY SUSPENSION OF EMPLOYMENT OF CIVIL- IAN OFFICERS AND EMPLOYEES OF VARIOUS DEPTS. AND AGENCIES OF THE GOV'T.  MOTION TO RECOMMIT.,Communists/Communism/Unamerican Activities,,Domestic Social Policy,,Civil Liberties,-0.323,0.448,0.174,0.5,0.687,0.866,-121.280741,0.698
2017-01-23 07:31:50,RH0810210,81,House,210,1950-07-12,,327,14,HR 7439.  ON PASSAGE,Communists/Communism/Unamerican Activities,,Domestic Social Policy,,Civil Liberties,-0.638,0.157,-0.23,-0.018,0.0,0.959,-43.095251,0.881
2017-01-23 07:31:50,RH0810211,81,House,211,1950-07-17,CQ,134,210,S J RES 2.  JOINT RESOLUTION PROPOSING AN AMEND.  TO THE CONSTITUTION PROVIDING FOR THE ELECTION OF A PRES. AND VICE- PRES.  ON MOTION TO SUSPEND THE RULES AND PASS.,Constitutional Amendments,,Government Organization,,Government Management,-0.694,0.675,-0.045,-0.517,0.373,0.756,-177.465554,0.597
2017-01-23 07:31:50,RH0810212,81,House,212,1950-07-17,,283,58,H J RES. 502.  JOINT RESOLUTION TO SUSPEND CERTAIN IMPORT TAXES ON COPPER.  ON MOTION TO SUSPEND THE RULES AND PASS.,Tariffs,,Regulation Special Interest,,Government Management,0.553,-0.833,0.088,-0.095,0.034,0.836,-153.646402,0.637
2017-01-23 07:31:50,RH0810213,81,House,213,1950-07-17,,326,15,"HR 10.  FACILITATE THE DEPORTATION OF ALIENS FROM THE U.S., TO PROVIDE FOR THE SUPERVISION AND DETENTION PENDING EVENTUAL DEPORTATION OF ALIENS WHOSE DEPORTATION CANNOT BE READILY EFFECTUATED BECAUSE OF REASONS BEYOND THE CONTROL OF THE U.S.  MOTION TO SSPEND THE RULES & PASS.",Immigration/Naturalization,,Domestic Social Policy,,Civil Liberties,-0.563,-0.05,-0.558,-1.015,0.4,0.974,-25.319568,0.928
2017-01-23 07:31:50,RH0810214,81,House,214,1950-07-19,,362,1,S 3809.  AMEND THE NUTUAL DEFENSE ASSISTANCE ACT OF 1949. ON PASSAGE.,,,Defense Policy Budget,,Foreign and Defense Policy,0.0,0.0,0.0,0.0,,,0.0,
2017-01-23 07:31:50,RH0810215,81,House,215,1950-07-20,,91,226,"S 2822.  AMEND THE FED. DEPOSIT INSURANCE ACT.  ON COMMITTEE AMEND.  -- FDIC BUILDING $15 ,000,000.",Public Works,,Budget Special Interest,,Government Management,-0.308,0.13,0.192,-0.18,0.275,0.792,-119.923327,0.685
2017-01-23 07:31:50,RH0810216,81,House,216,1950-07-24,,143,190,HR 6454.  AUTHORIZE THE APPOINTMENT OF TWO ADDITIONAL DISTRICT JUDGES FOR THE NORTHERN DISTRICT OF ILLINOIS.  ON MOTION TO RECOMMIT.,Judiciary,,Domestic Social Policy,,Government Management,-0.3,-0.777,-0.204,0.466,0.888,0.952,-73.312099,0.802
2017-01-23 07:31:50,RH0810217,81,House,217,1950-07-24,,189,136,HR 6454.  ON PASSAGE.,Judiciary,,Domestic Social Policy,,Government Management,-0.104,-0.437,0.162,-0.343,0.824,0.926,-82.730567,0.775
2017-01-23 07:31:50,RH0810218,81,House,218,1950-07-24,,128,197,HR 6240.  AUTHORIZE THE APPOINTMENT OF A DISTRICT JUDGE FOR THE NORTHERN AND SOUTHERN DISTRICT OF INDIANA.  MOTION TO RECOMMIT.,Judiciary,,Domestic Social Policy,,Government Management,-0.242,-0.817,-0.175,0.424,0.734,0.895,-90.336448,0.757
2017-01-23 07:31:50,RH0810219,81,House,219,1950-07-31,,149,208,"HR 9109.  AMEND THE AAA OF 1938, AS AMENDED;  THE SOIL CONSERVATION AND DOMESTIC ALLOTMENT ACT; PUBLIC LAW 74, 77TH CONG; THE AGRICULTURAL ACT OF 1949.  MOTION TO RECOMMIT WITH INSTRUCTIONS.",Agriculture,,Regulation Special Interest,,Agriculture,0.31,0.262,-0.093,0.507,0.638,0.849,-127.748907,0.699
2017-01-23 07:31:50,RH0810220,81,House,220,1950-08-07,,25,232,HR 8396.  AUTHORIZE FED.  ASSISTANCE TO STATES AND LOCAL GOV'TS IN MAJOR DISASTERS.  ON MOTION TO RECOMMIT W/INSTRUCTIONS.,,,Budget Special Interest,,Government Management,-0.904,-0.427,0.099,0.308,0.0,0.903,-67.845424,0.768
2017-01-23 07:31:50,RH0810221,81,House,221,1950-08-09,,145,233,"HR 5967.  AMEND THE INTERSTATE COMMERCE ACT, AS AMENDED, TO CLARIFY THE STATUS OF FREIGHT FORWARDERS AND THEIR RELATIONSHIP W/MOTOR COMMON CARRIERS.  MOTION TO RECOMMIT.",Interstate Commerce/Anti-trust/Restraint of Commerce,,Regulation General Interest,,Government Management,0.661,-0.135,-0.034,-0.106,-0.014,0.611,-249.390956,0.517
2017-01-23 07:31:50,RH0810222,81,House,222,1950-08-09,,254,147,HR 7009.  REPEAL THE PROVISO AGAINST THE FILLING OF THE VACANCY IN THE OFFICE OF DISTRICT JUDGE FOR THE EASTERN AND WESTERN DISTRICTS OF MISSOURI.  ON PASSAGE.,Judiciary,,Domestic Social Policy,,Government Management,-0.31,-0.951,0.252,-0.571,0.871,0.953,-76.010747,0.827
2017-01-23 07:31:50,RH0810223,81,House,223,1950-08-10,,393,3,"HR 9176.  ESTABLISH A SYSTEM OF PRIORITIES AND ALLOCATIONS FOR MATERIALS AND FACILITIES  AUTHORIZE THE REQUISTIONING THEREOF, PROVIDE FINANCIAL ASSISTANCE FOR EXPANSION OF PRODUCTIVE CAPACITY AND SUPPLY, STRENGTHEN CONTROLS OVER CREDIT, REGULATE SPECULATON ON COMMODITY EXCHANGES, AND BY THESE MEASURES FACILITATE THE PRODUCTION OF GOODS AND SERVICE NECESSARY FOR THE NATIONAL SECURITY",Price Controls,,Regulation General Interest,,Government Management,0.0,0.0,0.0,0.0,,,0.0,
2017-01-23 07:31:50,RH0810224,81,House,224,1950-08-10,,207,193,HR 9176.  ON WALCOTT AMEND.  (REAL-ESTATE CREDIT CONTROLS.),Price Controls,,Regulation Special Interest,,Government Management,-0.058,-0.098,-0.278,-0.187,0.808,0.907,-97.488276,0.784
2017-01-23 07:31:50,RH0810225,81,House,225,1950-08-10,,173,224,HR 9176.  ON WALCOTT AMEND.  (CREDIT CONTROLS),Price Controls,,Regulation Special Interest,,Government Management,0.018,-0.1,-0.74,-0.349,0.879,0.947,-54.433878,0.872
2017-01-23 07:31:50,RH0810226,81,House,226,1950-08-10,,201,197,HR 9176.  ON COOLEY AMEND.  (COMMODITY SPECULATION),Price Controls,,Regulation Special Interest,,Government Management,-0.089,0.267,-0.285,-0.509,0.777,0.889,-102.022556,0.774
2017-01-23 07:31:50,RH0810227,81,House,227,1950-08-10,,386,14,HR 9176.  PASSAGE.,Price Controls,,Regulation General Interest,,Government Management,0.439,0.899,0.241,0.229,0.214,0.973,-34.645975,0.917
2017-01-23 07:31:50,RH0810228,81,House,228,1950-08-10,,373,1,H RES 749.  RESOLUTION CERTIFYING THE REPORT OF HUAC AS TO THE REFUSAL OF JULIUS EMSPAK TO ANSWER QUESTIONS SAID COMMITTEE.,Communists/Communism/Unamerican Activities,,Internal Organization,,Miscellaneous Policy,0.0,0.0,0.0,0.0,,,0.0,
2017-01-23 07:31:50,RH0810229,81,House,229,1950-08-14,,48,274,ON MOTION TO ADJOURN.,,,Internal Organization,,Miscellaneous Policy,0.371,0.555,-0.09,-0.853,0.333,0.901,-73.165789,0.797
2017-01-23 07:31:50,RH0810230,81,House,230,1950-08-14,,254,86,"H RES 667.  RESOLUTION PROVIDING FOR THE CONSIDERATION OF HR 8195, A BILL TO RESCIND THE ORDER OF THE POSTMASTER GEN. CURTAILING CERTAIN POSTAL SERVICES.  MOTION TO DISCHARGE COMMITTEE ON RULES FROM FURTHER CONSIDERATIONS",,,Budget Special Interest,,Government Management,-0.178,0.682,0.055,0.493,0.267,0.815,-130.089291,0.682
2017-01-23 07:31:50,RH0810231,81,House,231,1950-08-14,,295,4,S 192.  CONFER JURISDICTION ON THE COURTS OF THE STATE OF NY W/RESPECT TO CIVIL ACTIONS BETWEEN INDIANS OR TO WHICH INDIANS ARE PARTIES.  PASSAGE.,,,Indian Affairs,,Civil Liberties,0.0,0.0,0.0,0.0,,,0.0,
2017-01-23 07:31:50,RH0810232,81,House,232,1950-08-16,,161,215,HR 8195.  RESCIND THE ORDER OF THE POSTMASTER GEN. CURTAIL- ING CERTAIN POSTAL SERVICES.  ON THORNBERRY AMEND.,,,Budget Special Interest,,Government Management,-0.134,0.197,-0.0,-0.602,,,-149.328668,0.672
2017-01-23 07:31:50,RH0810233,81,House,233,1950-08-16,,117,267,HR 8195.  MOTION TO RECOMMIT.,,,Budget Special Interest,,Government Management,0.017,0.435,-0.081,-0.423,0.248,0.771,-168.502593,0.645
2017-01-23 07:31:50,RH0810234,81,House,234,1950-08-16,,270,114,HR 8195.  PASSAGE.,,,Budget Special Interest,,Government Management,-0.029,0.513,0.079,0.424,0.246,0.776,-166.399877,0.648
2017-01-23 07:31:50,RH0810235,81,House,235,1950-08-16,,198,196,"HR 6000.  EXTEND AND IMPROVE THE FED. OLD-AGE AND SURVIVERS INSURANCE SYSTEM TO AMEND TH E PUBLIC ASSISTANCE AND CHILD- WELFARE PROVISIONS OF THE SOCIAL SECURITY ACT. CONFERENCE REPORT, MOTION TO RECOMMIT ON ORDERING PREVIOUS QUESTION.",Welfare,,Domestic Social Policy,,Social Welfare,-0.094,0.278,-0.253,-0.3,0.791,0.896,-105.767897,0.765
2017-01-23 07:31:50,RH0810236,81,House,236,1950-08-16,,376,3,HR 6000.  ADOPTION OF CONFERENCE REPORT.,Welfare,,Domestic Social Policy,,Social Welfare,0.0,0.0,0.0,0.0,,,0.0,
2017-01-23 07:31:50,RH0810237,81,House,237,1950-08-16,,91,243,"H RES 716.  RESOLUTION PROVIDING FOR THE CONSIDERATION OF HR 6277, A BILL TO GIVE DISCHARGES TO MEMBER OF THE RUSSIAN RAILWAY SERVICE CORPS ORGANIZED BY THE WAR DEPT. FOR SERVICE DURING THE WAR W/GERMANY.",,,Defense Policy Resolutions,,Foreign and Defense Policy,-0.667,-0.085,0.049,0.192,-0.022,0.722,-187.259557,0.571
2017-01-23 07:31:50,RH0810238,81,House,238,1950-08-17,,166,170,HR 7570.  PROVIDE FOR THE APPOINTMENT OF ONE ADDITIONAL DISTRICT JUDGE FOR THE NORTHERN DISTRICT OF OHIO.  MOTION TO RECOMMIT.,Judiciary,,Domestic Social Policy,,Government Management,-0.092,-0.02,-0.187,0.052,0.747,0.875,-106.479148,0.728
2017-01-23 07:31:50,RH0810239,81,House,239,1950-08-17,,156,169,HR 7570.  ON PASSAGE (FAILED).,Judiciary,,Domestic Social Policy,,Government Management,-0.116,0.062,0.192,-0.021,0.731,0.871,-105.622646,0.723
2017-01-23 07:31:50,RH0810240,81,House,240,1950-08-23,,142,241,HR 8850.  ESTABLISH AN ADDITIONAL OFFICE OF ASSISTANT SEC. OF AGRICULTURE.  MOTION TO RECOMMIT.,,,Government Organization,,Government Management,-0.209,-0.93,-0.227,0.35,0.761,0.911,-85.915378,0.799
2017-01-23 07:31:50,RH0810241,81,House,241,1950-08-24,,230,181,HR 3775.  PROVIDE FOR AN ADDITIONAL DISTRICT JUDGE FOR THE THIRD DIVISION OF THE DISTRICT COURT FOR THE DISTRICT OF ALASKA.,Judiciary,,Domestic Social Policy,,Government Management,-0.083,-0.14,0.232,-0.204,0.834,0.927,-85.507939,0.812
2017-01-23 07:31:50,RH0810242,81,House,242,1950-08-24,,362,0,"S 4071.  PROVIDE ALLOWANCES FOR DEPENDENTS OF ENLISTED MEMBERS OF THE UNIFORMED SERVICES, TO SUSPEND CERTAIN PROVISIONS OF THE CAREER COMPENSATION ACT OF 1949.",,,Defense Policy Budget,,Foreign and Defense Policy,0.0,0.0,0.0,0.0,,,0.0,
2017-01-23 07:31:50,RH0810243,81,House,243,1950-08-24,,20,330,HR 8677.  AUTHORIZE AND PROVIDE FOR THE MAINTENANCE AND OPERATION OF THE PANAMA CANAL BY THE PRESENT CORPORATE ADJUNCT OF THE PANAMA CANAL  AS RENAMED; TO RECONSTITUTE THE AGENCY CHARGED W/THE CIVIL GOV'T OF THE ZONE.  MOTION TO RECOMMIT WITH INSTRUCTION.,,,Budget Special Interest,,Government Management,-0.799,-0.087,0.151,0.005,-0.05,0.94,-83.198436,0.788
2017-01-23 07:31:50,RH0810244,81,House,244,1950-08-25,,133,235,"S 456.  AUTHORIZE THE CONSTRUCTION, PROTECTION, OPERATION, AND MAINTENANCE OF A PUBLIC AIRPORT IN OR IN THE VICINITY OF D.C.  MOTION TO RECOMMIT.",Airlines/Airports/Airline Industry,,D. C.,Budget Special Interest,Government Management,0.097,0.021,-0.166,-0.062,0.496,0.818,-142.979553,0.678
2017-01-23 07:31:50,RH0810245,81,House,245,1950-08-26,,310,1,HR 9526.  BILL MAKING SUPPLEMENTAL APPROPRIATIONS FOR THE FISCAL YEAR ENDING JUNE 30 1 951,,,Budget Special Interest,,Government Management,0.0,0.0,0.0,0.0,,,0.0,
2017-01-23 07:31:50,RH0810246,81,House,246,1950-08-29,,357,1,"H RES 826.  RESOLUTION PROVIDING FOR THE CONSIDERATION OF HR 9490, A BILL TO PROTECT THE U.S. AGAINST CERTAIN UN-AMERICAN AND SUBVERSIVE ACTIVITIES BY REQUIRING REGISTRATION OF COMMUNIST ORGANIZATIONS.",Communists/Communism/Unamerican Activities,,Domestic Social Policy,,Civil Liberties,0.0,0.0,0.0,0.0,,,0.0,
2017-01-23 07:31:50,RH0810247,81,House,247,1950-08-29,,359,25,HR 9490.  PASSAGE.,Communists/Communism/Unamerican Activities,,Domestic Social Policy,,Civil Liberties,-0.537,-0.057,-0.267,-0.351,0.36,0.958,-50.978166,0.876
2017-01-23 07:31:50,RH0810248,81,House,248,1950-08-30,,363,1,"S 4029.  AMEND. THE SELECTIVE SERVICE ACT OF 1948, AS AMEND- ED, SO AS TO PROVIDE FOR SPECIAL REGISTRATION, CLASSIFICA- TION, AND INDUCTION OF CERTAIN MEDICAL DENTAL, AND ALLIED SPECIALIST CATEGORIES.",Selective Service (The Draft),,Defense Policy Resolutions,,Foreign and Defense Policy,0.0,0.0,0.0,0.0,,,0.0,
2017-01-23 07:31:50,RH0810249,81,House,249,1950-08-30,,200,192,H RES 834.  RESOLUTION CERTIFYING THE REPORT OF THE SELECT COMMITTEE ON LOBBYING ACTIVITIES AS TO REFUSAL OF EDWARD RUMELY TO ANSWER QUESTIONS & PRODUCE DOCUMENTS BEFORE SAID COMMITTEE.,,,Internal Organization,,Miscellaneous Policy,-0.087,0.238,0.37,0.008,0.859,0.931,-63.745746,0.85
2017-01-23 07:31:50,RH0810250,81,House,250,1950-08-30,,239,106,H RES 835.  RESOLUTION CERTIFYING THE REPORT OF THE SELECT COMMITTEE ON LOBBYING ACTIVITIES AS TO THE REFUSAL OF WILLIAM PATTERSON TO ANSWER QUESTIONS & PRODUCE DOCUMENTS BEFORE SAID COMMITTEE.,,,Internal Organization,,Miscellaneous Policy,-0.148,-0.835,0.196,-0.441,0.689,0.904,-80.386182,0.792
2017-01-23 07:31:50,RH0810251,81,House,251,1950-08-31,,236,136,H RES 836.  RESOLUTION CERTIFYING THE REPORT OF THE SELECT COMMITTEE ON LOBBYING ACTIVITIES AS TO THE REFUSAL OF JOSEPH KAMP TO PRODUCE DOCUMENTS BEFORE SAID COMMITTEE.,,,Internal Organization,,Miscellaneous Policy,0.096,-0.0,0.204,0.008,0.662,0.876,-106.099636,0.752
2017-01-23 07:31:50,RH0810252,81,House,252,1950-08-31,,163,183,"H RES 818.  RESOLUTION PROVIDING FOR THE CONSIDERATION OF S 784, A BILL FOR THE RELIEF OF THE FIRST, SECOND, AND THIRD NATIONAL STEAMSHIP COS.",,,Budget Special Interest,,Government Management,-0.093,0.889,0.16,-0.012,0.571,0.798,-151.3752,0.646
2017-01-23 07:31:50,RH0810253,81,House,253,1950-09-14,,114,235,"H RES 842.  RESOLUTION TO TAKE FROM THE SPEAKER'S TABLE HR 8920, A BILL TO REDUCE EXCISE TAXES, AND FOR OTHER PURPOSES, AND THAT THE SENATE AMENDMENTS BE DISAGREED TO AND APPOINT CONFEREES THEREON.  ON ORDERING PREVIOUS QUESTION.",Tax rates,,Budget General Interest,,Government Management,-0.13,0.792,-0.107,-0.287,0.325,0.779,-162.596376,0.628
2017-01-23 07:31:50,RH0810254,81,House,254,1950-09-14,,331,2,H RES 842.  ON EBERHARTER AMEND.,Tax rates,,Budget General Interest,,Government Management,0.0,0.0,0.0,0.0,,,0.0,
2017-01-23 07:31:50,RH0810255,81,House,255,1950-09-14,,324,8,H RES 847.  RESOLUTION TO TAKE FROM THE SPEAKER'S TABLE THE BILL (HR 9490) TO PROTECT THE U.S. AGAINST CERTAIN UN-AMERICAN AND SUBVERSIVE ACTIVITIES BY REQUIRING REGIS- TERATION OF COMMUNIST ORGANIZATIONS; AND DISAGREE TO THE SENATE AMENDMENTS THERETO AND TO APPOINT CONFEREES THEREON.,Communists/Communism/Unamerican Activities,,Domestic Social Policy,,Civil Liberties,0.0,0.0,0.0,0.0,,,0.0,
2017-01-23 07:31:50,RH0810256,81,House,256,1950-09-14,,321,12,"HR 6217.  PROVIDE GREATER SECURITY FOR VETERANS OF THE SPANISH-AMERICAN WAR INCLUDI NG THE BOXER REBELLION AND PHILIPPINE INSURRECTION IN T HE GRANTING OF OUTPATIENT TREATMENT BY THE VA.  ON QUESTION, WILL THE HOUSE, ON RECONSIDERATION PASS THE BIL L, TH OBJECTIONS OF THE PRES",Military Pensions/Veterans Benefits,,Defense Policy Budget,,Foreign and Defense Policy,0.778,0.467,0.183,0.108,-0.083,0.961,-49.173322,0.863
2017-01-23 07:31:50,RH0810257,81,House,257,1950-09-14,,307,14,"H J RES 238.  JOINT RESOLUTION TO PROVIDE THE PRIVILEGE OF BECOMING A NATURALIZED CITIZEN OF THE U.S. TO ALL IMMIGRANTS HAVING A LEGAL RIGHT TO PERMANENT RESIDENCE.  ON QUESTION, WILL THE HOUSE ON RECONSIDER ATION, PASS THE BILL, THE OB- JECTIONS OF THE RES",Immigration/Naturalization,,Domestic Social Policy,,Social Welfare,-0.569,-0.197,-0.251,-0.516,0.0,0.956,-35.543589,0.895
2017-01-23 07:31:50,RH0810258,81,House,258,1950-09-15,,229,114,HR 9646.  AUTHORIZE THE PRES. TO APPOINT GEN. OF THE ARMY GEORGE MARSHALL TO THE OFFICE OF SEC. OF DEFENSE. ON PASSAGE.,,,Defense Policy Resolutions,,Foreign and Defense Policy,0.136,-0.011,0.269,-0.054,0.728,0.91,-73.472097,0.807
2017-01-23 07:31:50,RH0810259,81,House,259,1950-09-20,,318,25,HR 9490.  PROTECT THE U.S. AGAINST CERTAIN UNAMERICAN AND SUBVERSIVE ACTIVITES BY REQUIREING REGISTRATION OF COMMUNIST ORGANIZATIONS.  ADOPTION OF CONFERENCE REPORT.,Communists/Communism/Unamerican Activities,,Domestic Social Policy,,Civil Liberties,-0.533,-0.004,-0.299,-0.389,0.52,0.965,-42.052297,0.885
2017-01-23 07:31:50,RH0810260,81,House,260,1950-09-20,,172,184,HR 9526.  SUPPLEMENTAL APPROPRIATIONS FOR THE FISCAL YEAR ENDING JUNE 30 1951.  MOTION  TO RECEDE AND CONCUR IN SENATE AMENDMENT NO. 24. (IMMIGRATION AND NATURALIZATION SERVICE-- MEXICAN FARM LABOR--BOND).,Union Regulation/Davis-Bacon/Situs Picketing,,Regulation Special Interest,,Social Welfare,-0.647,0.686,-0.113,-0.74,0.581,0.798,-148.680718,0.659
2017-01-23 07:31:50,RH0810261,81,House,261,1950-09-21,,194,176,"HR 9526.  CONFERENCE REPORT  ON PREVIOUS QUESTION TO CONCUR IN SENATE AMEND. NO. 120 WIT H AN AMEND. (WHERRY AMEND., PROHIBIT ECA FUNDS SOVIET RUSSIA)",Communists/Communism/Unamerican Activities,,Foreign Policy Resolutions,Regulation Special Interest,Foreign and Defense Policy,-0.12,0.055,0.938,-0.954,0.909,0.957,-45.380455,0.885
2017-01-23 07:31:50,RH0810262,81,House,262,1950-09-21,,286,30,"HR 9526.  CONFERENCE REPORT  ON MOTION TO CONCUR IN SENATE AMEND. NO. 120 WITH AN AMEND .  (WHERRY AMEND., PROHIBIT ECA FUNDS, SOVIET RUSSIA)",Communists/Communism/Unamerican Activities,,Foreign Policy Resolutions,Regulation Special Interest,Foreign and Defense Policy,0.215,0.977,0.131,0.306,0.067,0.911,-83.116782,0.769
2017-01-23 07:31:50,RH0810263,81,House,263,1950-09-22,,328,7,HR 8920.  REDUCE EXCISE TAXES.  ADOPTION OF CONFERENCE REPORT.,Tax rates,,Budget General Interest,,Government Management,0.0,0.0,0.0,0.0,,,0.0,
2017-01-23 07:31:50,RH0810264,81,House,264,1950-09-22,CQ,302,56,"HR 9490.  PROTECT THE U.S. AGAINST CERTAIN UNAMERICAN AND SUBVERSIVE ACTIVITIES BY REQUIRING REGISTRATION OF COMMUNIST ORGANIZATIONS.  ON QUESTION  WILL THE HOUSE, ON RECONSIDER- ATION, PASS THE BILL THE OBJ ECTIONS OF THE PRES. TO THE CONTRARY NOTWITHSTNDING?",Communists/Communism/Unamerican Activities,,Domestic Social Policy,,Civil Liberties,-0.432,-0.012,-0.224,-0.128,0.411,0.908,-89.606841,0.779
2017-01-23 07:31:50,RH0810265,81,House,265,1950-12-05,,154,261,HR 9827.  PROVIDE REVENUE BY IMPOSING A CORPORATE EXCESS- PROFITS TAX.  MOTION TO RECOMMIT WITH INSTRUCTIONS.,Tax rates,,Budget Special Interest,,Government Management,-0.024,-0.323,-0.278,0.524,0.942,0.978,-38.884536,0.911
2017-01-23 07:31:50,RH0810266,81,House,266,1950-12-05,,380,22,HR 9827.  ON PASSAGE.,Tax rates,,Budget Special Interest,,Government Management,0.372,0.742,0.256,0.279,0.318,0.963,-44.714657,0.895
2017-01-23 07:31:50,RH0810267,81,House,267,1950-12-07,,161,231,"HR 9763.  AMEND THE HOUSING AND RENT ACT OF 1947, AS AMENDED.  MOTION TO RECOMMIT WITH INSTRUCTIONS.",Housing/Housing Programs/Rent Control,,Regulation Special Interest,,Social Welfare,0.072,-0.035,-1.118,-0.849,0.708,0.88,-90.49595,0.794
2017-01-23 07:31:50,RH0810268,81,House,268,1950-12-07,,230,161,HR 9763.  PASSAGE.,Housing/Housing Programs/Rent Control,,Regulation Special Interest,,Social Welfare,0.064,0.061,0.266,0.211,0.696,0.875,-108.887078,0.757
2017-01-23 07:31:50,RH0810269,81,House,269,1950-12-13,,232,148,HR 9853.  PROMOTE THE FOREIGN POLICY AND PROVIDE FOR THE DEFENSE AND GENERAL WELFARE OF THE U.S. BY FURNISHING EMERGENCY RELIEF ASSISTANCE TO YUGOSLAVIA.  PASSAGE.,Humanitarian Assistance (foreign),,Foreign Policy Budget,,Foreign and Defense Policy,0.083,0.997,0.134,-0.013,0.405,0.768,-181.956388,0.62
2017-01-23 07:31:50,RH0810270,81,House,270,1950-12-20,,244,0,"HR 9798.  AUTHORIZE A FED. CIVIL DEFENSE PROGRAM, MOTION TO GO INTO COMMITTEE.",,,Defense Policy Resolutions,,Foreign and Defense Policy,0.0,0.0,0.0,0.0,,,0.0,
2017-01-23 07:31:50,RH0810271,81,House,271,1950-12-20,,247,1,HR 9798.  PASSAGE.,,,Defense Policy Resolutions,,Foreign and Defense Policy,0.0,0.0,0.0,0.0,,,0.0,
2017-01-23 07:31:50,RH0810272,81,House,272,1951-01-01,,287,49,S 3295.  AMEND THE RAILWAY LABOR ACT AND AUTHORIZE AGREE- MENTS PROVIDING FOR UNION MEMBERSHIP AND AGREEMENTS FOR DEDUCTIONS FROM THE WAGES OF CARRIERS' EMPLOYEES FOR CERTAIN PURPOSES AND UNDER CERTAIN CONDITIONS.,Union Regulation/Davis-Bacon/Situs Picketing,,Regulation Special Interest,,Social Welfare,-0.186,0.964,0.149,0.841,0.367,0.908,-73.576562,0.803
2017-01-23 07:31:50,RH0810273,81,House,273,1951-01-01,,61,285,S3295.  ON MOTION TO RECOMMIT W/INSTRUCTIONS.,Union Regulation/Davis-Bacon/Situs Picketing,,Regulation Special Interest,,Social Welfare,-0.18,0.882,-0.169,-0.939,0.426,0.899,-76.534041,0.802
2017-01-23 07:31:50,RH0810274,81,House,274,1951-01-01,,294,53,S 3295.  ON PASSAGE.,Union Regulation/Davis-Bacon/Situs Picketing,,Regulation Special Interest,,Social Welfare,-0.084,0.873,0.116,0.657,0.396,0.908,-87.050505,0.778
2017-01-23 07:31:50,RH0810275,81,House,275,1951-01-02,,219,127,"HR 5244.  BILL FOR THE RELIEF OF LT. COL. CHARLES J. TREES, ARMY OF THE U.S.  ADOPTION OF CONFERENCE REPORT.",,,Budget Special Interest,,Government Management,0.002,-0.657,0.197,-0.137,0.701,0.89,-97.23862,0.755
