date_generated,id,congress,chamber,rollnumber,date,keyvote,yea,nay,description,Issue1,Issue2,Peltzman1,Peltzman2,Clausen1,slope,intercept,mid.dim1,mid.dim2,spread.dim1,spread.dim2,pre,classified,log_likelihood
2017-01-22 01:59:02,RS0780001,78,Senate,1,1943-01-14,,35,56,"TO AMEND S.RES. 47, ELECTION OF PRESIDENT PRO TEMPORE, BY PROVIDING THAT SENATOR VANDENBERG'S NAME BE SUBSTITUTED FOR SENATOR GLASS IN THE ELECTION OF A SENATE PRESIDENT PRO TEMPORE.",Election of House Officers,,Internal Organization,,Miscellaneous Policy,5.242706003698448,-0.18143635815903325,0.043,0.044,-0.659,0.727,0.886,0.956,-6.614092
2017-01-22 01:59:02,RS0780002,78,Senate,2,1943-01-25,,29,49,"TO AMEND S. 158, A BILL TO PERMIT CONSOLIDATIONS AND MERGERS OF DOMESTIC TELEGRAPH CARRIERS, BY REDUCING FROM 5 YEARS TO 2 YEARS THE PERIOD WHICH COMPANIES CONSOLIDATING UNDER THIS LEGISLATION MUST RETAIN EMPLOYEES AFTER THE DATE OF MERGER.",Interstate Commerce/Anti-trust/Restraint of Commerce,Radio/Television/Motion Pictures/Telecommunications,Regulation General Interest,,Government Management,5.058336839708751,-0.5223338943534002,0.16,0.287,-0.265,0.303,0.724,0.897,-16.93702
2017-01-22 01:59:02,RS0780003,78,Senate,3,1943-01-25,,70,10,"TO PASS S. 158, A BILL TO PERMIT CONSOLIDATIONS AND MERGERS OF DOMESTIC TELEGRAPH CARRIERS.",Interstate Commerce/Anti-trust/Restraint of Commerce,Radio/Television/Motion Pictures/Telecommunications,Regulation General Interest,,Government Management,5.0510833755612445,-2.525938013175108,0.312,-0.95,0.131,-0.15,-0.2,0.85,-28.969816
2017-01-22 01:59:02,RS0780004,78,Senate,4,1943-02-01,,53,32,NOMINATION OF JOSH LEE TO BE A MEMBER OF THE CIVIL AERO- NAUTICS BOARD.,Airlines/Airports/Airline Industry,,Government Organization,,Government Management,3.7972312955679963,-0.19372801368476789,0.026,-0.095,0.281,-0.428,0.781,0.918,-14.330812
2017-01-22 01:59:02,RS0780005,78,Senate,5,1943-02-04,,42,29,"TO REFER S. 607, OFFICE OF WAR MOBILIZATION BILL TO THE COMMITTEE ON MILITARY AFFAIRS.",,,Defense Policy Budget,,Foreign and Defense Policy,4.967163265594577,1.09179963276902,-0.402,-0.905,-0.073,0.085,0.241,0.69,-44.946654
2017-01-22 01:59:02,RS0780006,78,Senate,6,1943-02-22,,44,19,"CONFERENCE REPORT ON S. 158, A BILL TO PERMIT CONSILIDATION AND MERGER OF DOMESTIC TELEGRAPH CARRIERS.",Interstate Commerce/Anti-trust/Restraint of Commerce,Radio/Television/Motion Pictures/Telecommunications,Regulation General Interest,,Government Management,-9.240597383561635,2.7987732412328743,0.29,0.119,0.139,0.087,0.474,0.841,-27.610055
2017-01-22 01:59:02,RS0780007,78,Senate,7,1943-02-25,,91,2,"TO PASS S. 660, A BILL TO PREVENT CERTAIN DEDUCTIONS IN DETERMINING PARITY OR COMPARABLE PRICES OF AGRICULTURAL COMMODITIES.",Agriculture,Exchange Rates,Budget Special Interest,,Agriculture,,,0.0,0.0,0.0,0.0,,,0.0
2017-01-22 01:59:02,RS0780008,78,Senate,8,1943-02-25,,57,7,"TO AMEND H.J.RES. 82, A BILL TO MAKE URGENT DEFICIENCY APPROPRIATIONS, BY CUTTING THE APPROPRIATION FOR THE OFFICE OF THE TREASURER OF THE U.S. FROM $1 MILLION TO $750,000.",,,Budget Special Interest,,Government Management,19.278944181531465,7.025140961169796,-0.359,0.104,-0.23,0.069,0.0,0.891,-14.214982
2017-01-22 01:59:02,RS0780009,78,Senate,9,1943-02-25,,58,20,ON THE NOMINATION OF HARRY H. SCHWARTZ TO BE A MEMBER OF THE NATIONAL MEDIATION BOARD.,Treaties,,Budget Special Interest,,Government Management,5.76091284794582,-1.2537936890741297,0.256,0.221,0.253,-0.254,0.55,0.885,-15.85823
2017-01-22 01:59:02,RS0780010,78,Senate,10,1943-03-01,,41,31,"TO AMEND S. 17, A BILL TO INCREASE PAY OF POLICEMEN AND FIREMEN IN THE DISTRICT OF COLUMBIA.",,,Budget Special Interest,D. C.,Government Management,2.655772922966069,0.43111545845932137,-0.02,0.378,-0.135,0.294,0.613,0.833,-31.310331
2017-01-22 01:59:02,RS0780011,78,Senate,11,1943-03-01,,39,34,"TO AMEND S. 18, TEMPORARY ADJUSTMENT OF SALARIES FOR TEACHERS IN THE D. OF C., BY REDUCING INCREASE PROPOSED FOR THE PAY OF TEACHERS.",Education,,Budget Special Interest,D. C.,Government Management,3.0684426426330615,0.4014147579560801,-0.196,-0.2,-0.139,0.262,0.647,0.836,-34.211741
2017-01-22 01:59:02,RS0780012,78,Senate,12,1943-03-02,,58,8,"TO PASS S. 163, A BILL TO AMEND SECTION 511 OF THE MERCHANT MARINE ACT, 1936, AS AMENDED, RELATING TO SHIP- CONSTRUCTION RESERVE FUNDS, AND FOR OTHER PURPOSES.",Shipping/Maritime,,Budget Special Interest,,Government Management,11.973239018003751,-7.821291303568201,0.587,-0.793,0.118,-0.057,0.0,0.879,-24.962999
2017-01-22 01:59:02,RS0780013,78,Senate,13,1943-03-11,,33,55,"TO AMEND S. 729, A BILL TO PROVIDE DEFEREMENT FROM MILITARY SERVICE OF PERSONS ENGAGED IN AGRICULTURE, BY RESTRICTING TO SOME EXTENT THE NUMBER OF PERSONS DEFERRED.",Agriculture,Selective Service (The Draft),Defense Policy Budget,,Foreign and Defense Policy,-1.3095131896889296,-0.06388119663715462,0.023,-0.094,0.084,0.371,0.394,0.773,-39.52198
2017-01-22 01:59:02,RS0780014,78,Senate,14,1943-03-11,,96,0,"TO PASS H.R. 1501, A BILL TO EXTEND THE LEND-LEASE ACT FOR 1 YEAR.",Public Lands,,Budget Special Interest,,Government Management,,,0.0,0.0,0.0,0.0,,,0.0
2017-01-22 01:59:02,RS0780015,78,Senate,15,1943-03-17,,9,71,"TO AMEND S. 729, SO THAT, INSTEAD OF GRANTING OUTRIGHT DEFERMENTS TO FARM WORKERS THE AMENDMENT WOULD SET UP A ""BOARD OF WAR MOBILIZATION"" WHOSE DUTY IT WAS TO MAKE RECOMMENDATIONS AS TO MANPOWER MOBILIZATION.",Selective Service (The Draft),,Defense Policy Budget,Government Organization,Foreign and Defense Policy,-6.42308542329415,-2.1922348323346035,-0.478,0.878,0.221,0.199,0.444,0.938,-19.526683
2017-01-22 01:59:02,RS0780016,78,Senate,16,1943-03-17,,24,59,TO RECOMMIT S. 729 TO THE COMMITTEE ON MILITARY AFFAIRS FOR FURTHER CONSIDERATION.,Agriculture,Selective Service (The Draft),Defense Policy Budget,,Foreign and Defense Policy,-1.1902652494684642,-0.24962395288235245,0.249,-0.546,0.071,0.345,0.25,0.783,-39.217169
2017-01-22 01:59:02,RS0780017,78,Senate,17,1943-03-17,,59,24,"TO AMEND S. 729, TO PROVIDE MORE LIBERAL DEFERMENTS FOR PERSONS ENGAGED IN AGRICULTURE.",Agriculture,Selective Service (The Draft),Defense Policy Budget,,Foreign and Defense Policy,-1.5187369696961834,-0.31580881696985186,0.197,-0.615,-0.073,-0.278,0.208,0.771,-42.269761
2017-01-22 01:59:02,RS0780018,78,Senate,18,1943-03-17,,59,30,TO PASS S. 729.,Agriculture,Selective Service (The Draft),Defense Policy Budget,,Foreign and Defense Policy,-1.7232206956779834,-0.21782099269389715,0.068,-0.335,-0.087,-0.292,0.333,0.775,-43.258761
2017-01-22 01:59:02,RS0780019,78,Senate,19,1943-03-23,,83,4,"TO AMEND H.R. 1780, A BILL TO PROVIDE AN INCREASE IN THE PUBLIC DEBT LIMIT--LIMITATION OF SALARIES, BY ELIMINATING THE FOLLOWING PROVISO:  ""PROVIDED, THAT THE PRESIDENT MAY, WITHOUT REGARD TO THE LIMITATION CONTAINED IN CLAUSE (2), ADJUST WAGES OR SALARIS TO THE EXTENT THAT HE FINDS NECESSARY IN ANY CASE TO CORRECT GROSS INEQUITIES AND ALSO AID IN THE EFFECTIVE PROSECUTION OF THE WAR.""",,,Budget Special Interest,Defense Policy Budget,Government Management,12.66674431761778,7.190382175781584,-0.629,-0.777,-0.265,0.121,0.25,0.966,-13.638702
2017-01-22 01:59:02,RS0780020,78,Senate,20,1943-03-30,,80,5,NOMINATION OF REAR ADMIRAL EMORY S. LAND TO BE A MEMBER OF THE MARITIME COMMISSION.,Shipping/Maritime,,Government Organization,,Government Management,29.915603040307445,-19.07132353363554,0.636,-0.045,0.15,-0.029,0.0,0.941,-20.991112
2017-01-22 01:59:02,RS0780021,78,Senate,21,1943-04-07,,66,26,"MOTION TO REFER BILL AND VETO MESSAGE TO REFER S. 660, A BILL FOR PREVENTION OF CERTAIN DEDUCTIONS, AND VETO MESSAGE OF THAT BILL TO THE COMMITTEE ON AGRICULTURE AND FORESTRY.",Agriculture,Exchange Rates,Budget Special Interest,,Agriculture,-1.6481208218512384,-0.47283638516780085,-0.566,0.46,-0.108,-0.379,0.269,0.793,-42.116271
2017-01-22 01:59:02,RS0780022,78,Senate,22,1943-04-16,,40,19,"CONFERENCE REPORT ON H.J.RES. 96, A BILL MAKING APPROPRIA- TIONS TO ASSIST IN PROVIDING A SUPPLY AND DISTRIBUTION OF FARM LABOR FOR THE CALENDAR YEAR 1943.",Agriculture,,Budget Special Interest,,Agriculture,-16.15066267283013,3.346160666362632,0.167,0.649,0.296,0.106,0.789,0.932,-14.383844
2017-01-22 01:59:02,RS0780023,78,Senate,23,1943-04-26,,61,23,"TO PASS H.J.RES. 14, AUTHORIZING THE EXECUTION OF CERTAIN TREATY OBLIGATIONS TO PANAMA.",Panama Canal,,Foreign Policy Budget,,Foreign and Defense Policy,52.929464934750015,-10.291892986950003,0.2,0.294,0.302,-0.033,0.565,0.881,-18.586378
2017-01-22 01:59:02,RS0780024,78,Senate,24,1943-05-04,,42,37,"TO AMEND S. 796, STRIKES IN DEFENSE INDUSTRIES, BY RESTRICTING THE PRESIDENT'S ABILITY TO TAKE OVER INDUSTRIES INVOLVED IN LABOR DISTURBANCES.",Union Regulation/Davis-Bacon/Situs Picketing,,Regulation Special Interest,Defense Policy Budget,Social Welfare,30.037838837676443,0.9098864834869707,0.003,1.0,-0.161,0.031,0.486,0.759,-38.811917
2017-01-22 01:59:02,RS0780025,78,Senate,25,1943-05-05,,29,55,"TO RECOMMIT S. 796 TO THE COMMITTEE ON THE JUDICIARY, WITH INSTRUCTIONS THAT THE COMMITTEE REPORT THE BILL BACK, EITHER FAVORABLY OR UNFAVORABLY, ON OR BEFORE THE 20TH DAY OF MAY.",Union Regulation/Davis-Bacon/Situs Picketing,,Regulation Special Interest,Defense Policy Budget,Social Welfare,-7.0410057010810565,-1.6468545359016193,-0.094,-0.985,0.084,0.069,0.241,0.738,-48.813454
2017-01-22 01:59:02,RS0780026,78,Senate,26,1943-05-05,,36,47,"TO AMEND S. 796, BY STRENGTHENING THE POWERS OF THE NATIONAL WAR LABOR BOARD IN DEALING WITH STRIKES.  THE PURPOSE OF THE AMENDMENT WAS TO PROVIDE A METHOD OF DEALING WITH STRIKES IN INDUSTRIES BEFORE THE NECESSITY OF THE GOVERNMENT'S TAKING OVER THE INDSTRY BECAME NECESSARY.",Union Regulation/Davis-Bacon/Situs Picketing,,Defense Policy Budget,Regulation Special Interest,Foreign and Defense Policy,8.032893408971443,-0.5007565484063432,0.023,-0.316,-0.125,0.09,0.472,0.771,-41.745078
2017-01-22 01:59:02,RS0780027,78,Senate,27,1943-05-05,,70,17,"TO PASS S. 796, A BILL RELATING TO THE USE AND OPERATION BY THE U.S. OF CERTAIN PLANTS IN THE INTEREST OF THE NATIONAL DEFENSE.",,,Defense Policy Budget,,Foreign and Defense Policy,-187.96970576993178,-77.97957936567202,-0.41,-0.912,-0.13,-0.004,0.176,0.839,-39.141854
2017-01-22 01:59:02,RS0780028,78,Senate,28,1943-05-10,,47,31,"TO AMEND S. 885, A BILL TO ESTABLISH A CIVILIAN SUPPLY ADMINISTRATION.",,,Government Organization,,Government Management,2.6199590810799167,-0.444879017945918,0.024,-0.382,0.053,-0.117,0.258,0.705,-47.296216
2017-01-22 01:59:02,RS0780029,78,Senate,29,1943-05-10,,39,30,"NOMINATION OF STEPHEN S. CHANDLER, JR., TO BE U. S. DISTRICT JUDGE FOR THE WESTERN DISTRICT OF OKLAHOMA.",Judiciary,,Government Organization,,Government Management,8.64631436020199,-0.36762100260706965,0.035,-0.065,0.296,-0.198,0.833,0.928,-14.530671
2017-01-22 01:59:02,RS0780030,78,Senate,30,1943-05-14,,21,59,"TO AMEND H.R. 2570, CURRENT PAYMENT OF INDIVIDUAL INCOME TAX, BY PROVIDING FOR A FIVE YEAR PERIOD OF WITHHOLDING FOR THE 1942 TAXES PLUS THE NORMAL CURRENT TAXES.",Tax rates,,Budget General Interest,,Government Management,2.7415380083508363,0.9180337006806185,-0.321,0.038,0.228,-0.481,0.333,0.825,-26.975171
2017-01-22 01:59:02,RS0780031,78,Senate,31,1943-05-14,,38,53,"TO AMEND H.R. 2570, BY PROVIDING A METHOD BY WHICH 25 PERCENT OF 1942 TAXES WOULD BE RECOUPED RATHER THAN THE 13 PERCENT CONTEMPLATED IN THE COMMITTEE AMENDMENT.",Tax rates,,Budget General Interest,,Government Management,3.0580394218980946,0.5581474586102295,-0.037,0.445,0.092,-0.174,0.289,0.703,-49.464833
2017-01-22 01:59:02,RS0780032,78,Senate,32,1943-05-14,,30,51,"TO AMEND H.R. 2570, BY ALLOWING THE INCOME-TAX SYSTEM TO REMAIN IN STATUS QUO.  THE ONLY CHANGE THE AMENDMENT WOULD MAKE WOULD BE TO SET UP A COLLECTION SYSTEM COVERING INCOME TAX ON WAGES AND SALARIES.",Tax rates,,Budget General Interest,,Government Management,1.8409601870958425,0.5746706792131063,0.218,0.976,0.12,-0.377,0.467,0.802,-34.890596
2017-01-22 01:59:02,RS0780033,78,Senate,33,1943-05-14,,34,55,"TO AMEND H.R. 2570, BY SUBSTITUTING THE HOUSE WAYS AND MEANS COMMITTEE VERSION OF THE BILL.",Tax rates,,Budget General Interest,,Government Management,2.749619907857766,0.6539224612029841,-0.204,0.093,0.261,-0.549,0.618,0.854,-28.853246
2017-01-22 01:59:02,RS0780034,78,Senate,34,1943-05-14,,32,56,"TO AMEND H.R. 2570, BY ADOPTING THE HOUSE VERSION OF THE BILL AS PASSED BY THE BODY AND INCORPORATING INTO THAT BILL THE AMENDMENTS PASSED BY THE SENATE.",Tax rates,,Budget General Interest,,Government Management,2.8574149411912706,0.7209278847097303,-0.26,-0.022,0.249,-0.504,0.531,0.83,-30.481348
2017-01-22 01:59:02,RS0780035,78,Senate,35,1943-05-14,,53,36,THE COMMITTEE AMENDMENT CHANGED THE HOUSE BILL IN TWO WAYS: BY PROVIDING RELIEF FROM DOUBLED PAYMENTS AND BY PROVIDING FOR CURRENT PAYMENT FOR BASIC TAXES NOT PAID AT THE SOURCE.,Tax rates,,Budget General Interest,,Government Management,2.694108866393499,0.5860566722664073,-0.245,-0.074,-0.218,0.468,0.528,0.809,-32.585848
2017-01-22 01:59:02,RS0780036,78,Senate,36,1943-05-14,,55,36,TO PASS H.R. 2570.,Tax rates,,Budget General Interest,,Government Management,2.4688144347572667,0.6040425260825216,-0.175,0.172,-0.178,0.417,0.5,0.802,-35.625639
2017-01-22 01:59:02,RS0780037,78,Senate,37,1943-05-27,,35,48,"TO AMEND H.R. 1762, INDEPENDENT OFFICES APPROPRIATIONS, BY RESTORING THE $534,000 APPROPRIATION FOR THE NATIONAL RE- SOURCES PLANNING BOARD.",,,Budget Special Interest,,Government Management,7.394852161058854,0.7942146777981187,-0.036,0.528,0.179,-0.14,0.543,0.807,-32.806093
2017-01-22 01:59:02,RS0780038,78,Senate,38,1943-05-27,,52,33,"TO AMEND H.R. 1762, BY MAKING A $200,000 APPROPRIATION FOR THE NATIONAL RESOURCES PLANNING BOARD.",,,Budget Special Interest,,Government Management,-77.11577672612584,9.245388109695465,0.107,0.994,0.16,0.012,0.394,0.765,-39.780554
2017-01-22 01:59:02,RS0780039,78,Senate,39,1943-06-01,,37,58,"TO AMEND H.J. RES. 111, EXTENSION OF RECIPROCAL TRADE AGREEMENTS ACT, BY ADDING THE FOLLOWING PROVISO-- ""PROVIDED, THAT EVERY FOREIGN-TRADE AGREEMENT CONCLUDED IN ACCORDANCE WITH THE PROVISIONS OF SAID ACT, AS AMENDED, SHALL BE SUBJECT TO TERMINATION 6 MNTHS AFTER THE CESSATION OF HOSTILITIES IN THE PRESENT WAR AS FIXED BY PROCLAMATION OF THE PRESIDENT, PURSUANT TO JOINT RESOLUTION OF THE CONGRESS OR BY THE PRESIDENT.""",Tariffs,Treaties,Foreign Policy Budget,Regulation Special Interest,Foreign and Defense Policy,-32.09011354087173,3.5000288561879946,0.078,0.997,-0.172,-0.031,0.459,0.789,-41.2967
2017-01-22 01:59:02,RS0780040,78,Senate,40,1943-06-01,,36,53,"TO AMEND H.J. RES. 111, BY ADDING THE FOLLOWING-- ""NO FOR- EIGN TRADE AGREEMENT HEREAFTER ENTERED INTO UNDER THE AU- THORITY DELEGATED TO THE PRESIDENT BY SUCH SECTION 350, AS AMENDED, NO AMENDATORY OR SUPPLEMENTARY AGREEMENT HEREAFTER ENTERED INTO UNDERSUCH SECTION, AND NO DUTIES AND OTHER IMPORT RESTRICTIONS SPECIFIED IN A PROCLAMATION ISSUED BY THE PRES",Tariffs,Treaties,Foreign Policy Budget,Regulation Special Interest,Foreign and Defense Policy,-5.309610856552928,0.8321320176263863,0.149,0.041,-0.112,-0.122,0.444,0.775,-46.914678
2017-01-22 01:59:02,RS0780041,78,Senate,41,1943-06-02,,38,51,"TO AMEND H.J. RES. 111, BY ADDING THE FOLLOWING NEW SEC- TION:  ""EFFECTIVE ON THE DATE OF ENACTMENT OF THIS ACT, SECTION 2 OF SUCH ACT OF JUNE 12, 1943, IS AMENDED BY ADDING AT THE END THEREOF THE FOLLOWING NEW SUBSECTION:  (D) NO FOREIGN TRADE AGREEMENTHEREAFTER ENTERED INTO UNDER THE FIRST SECTION OF THIS ACT SHALL TAKE EFFECT UNTIL THE SENATE OF THE UNITED STATES SHALL HAVE ADVISED AND CONSENTED TO ITS RATIFICATION, TWO-THIRDS OF THE SENATORS PRESENT CONCURRING.""",Tariffs,Treaties,Foreign Policy Budget,Regulation Special Interest,Foreign and Defense Policy,-11.336019178740502,0.8636019178740502,0.1,-0.27,-0.147,-0.075,0.447,0.764,-42.167124
2017-01-22 01:59:02,RS0780042,78,Senate,42,1943-06-02,,31,55,"TO AMEND H.J. RES. 111, BY ADDING THE FOLLOWING:  ""NO FOR- EIGN TRADE AGREEMENT HEREAFTER ENTERED INTO UNDER THE AU- THORITY DELEGATED TO THE PRESIDENT BY SUCH SECTION 350, AS AMENDED, NO AMENDATORY OR SUPPLEMENTARY AGREEMENT HEREAFTER ENTERED INTO UNDERSUCH SECTION, AND NO DUTIES AND OTHER IMPORT RESTRICTIONS SPECIFIED IN A PROCLAMATION ISSUED BY THE PRES",Tariffs,Treaties,Foreign Policy Budget,Regulation Special Interest,Foreign and Defense Policy,-9.639472090765734,1.6764445089795,0.143,0.298,-0.125,-0.075,0.355,0.767,-42.782179
2017-01-22 01:59:02,RS0780043,78,Senate,43,1943-06-02,,35,52,"TO AMEND H.J. RES. 111, CONTAINING THE FOLLOWING PROVISO: ""PROVIDED, THAT NO COMMODITY OR ARTICLE SHALL BE INCLUDED IN ANY FOREIGN TRADE AGREEMENT ENTERED INTO WHICH PERMITS THE ENTRY INTO AMERICAN MARKETS OF PRODUCTS OF WORKERS, FARMERS, OR MINERS OF FOEIGN COUNTRIES AT TOTAL LANDED COSTS, ALL TARIFF DUTIES PAID, WHICH TOTAL COSTS ARE LESS THAN THE COST OF PRODUCTION OR WHOLESALE SELLING PRICE OF COMPETITIVE PRODUCTS OF AMERICAN WORKERS, MINERS, OR FARMERS WHERE SUCH AMERICAN PRODUCTS ARE COMMERCIALLY A...",Tariffs,Treaties,Foreign Policy Budget,Regulation Special Interest,Foreign and Defense Policy,-5.38633096980192,0.710019427949994,0.101,0.166,-0.122,-0.131,0.371,0.747,-43.985385
2017-01-22 01:59:02,RS0780044,78,Senate,44,1943-06-02,,69,26,"TO PASS H.J. RES. 111, EXTENDING THE AUTHORITY OF THE PRESI- DENT UNDER SECTION 350 OF THE TARIFF ACT OF 1930, AS AMENDED.",Tariffs,Treaties,Foreign Policy Budget,Regulation Special Interest,Foreign and Defense Policy,-6.145163457863154,1.9161779894180095,0.263,0.3,0.119,0.112,0.154,0.768,-43.921782
2017-01-22 01:59:02,RS0780045,78,Senate,45,1943-06-02,,67,20,"CONFERENCE REPORT ON H.R. 2570, CURRENT PAYMENT OF INDIVI- DUAL INCOME-TAX CONFERENCE REPORT, ON THE DISAGREEING VOTES OF THE TWO HOUSES ON AN AMENDMENT OF THE SENATE.",Tax rates,,Budget General Interest,,Government Management,1.6784441237525543,0.8389046964910125,0.093,0.995,-0.157,0.541,0.35,0.851,-28.809067
2017-01-22 01:59:02,RS0780046,78,Senate,46,1943-06-07,,44,24,"TO AMEND S. 575, CONFIRMATION BY THE SENATE OF CERTAIN GOV- ERNMENTAL EMPLOYEES, BY PROVIDING THAT ALL GOVERNMENT OFFI- CIALS WITH A SALARY OVER $4,500 MUST BE CONFIRMED BY THE SENATE.",,,Budget Special Interest,Government Organization,Government Management,0.34401089989349826,-0.12646788036208537,0.356,-0.004,0.016,-0.269,0.208,0.721,-37.855804
2017-01-22 01:59:02,RS0780047,78,Senate,47,1943-06-08,,60,22,"TO AMEND H.R. 2481, AGRICULTURAL APPROPRIATIONS, BY INCREAS- ING THE APPROPRIATIONS FOR AGRICULTURAL PURPOSES BY $100,000,0009",Agriculture,,Budget Special Interest,,Agriculture,1.153815598743171,-0.2816991214802729,-0.223,-0.539,0.079,-0.396,0.182,0.78,-34.653214
2017-01-22 01:59:02,RS0780048,78,Senate,48,1943-06-09,,25,62,"TO DECIDE A POINT OF ORDER ON H.R. 2481.  THE POINT OF ORDER RAISED WAS THAT A PROPOSED AMENDMENT CONTAINED NEW LEGISLA- TION AND WAS THEREFORE, UNDER THE RULES OF THE SENATE, IN VIOLATION OF PARAGRAPH 2, RULE XVI.",Agriculture,,Budget Special Interest,,Agriculture,2.7363662709270464,-0.6437279050224911,0.24,0.013,-0.088,0.186,0.24,0.782,-42.369192
2017-01-22 01:59:02,RS0780049,78,Senate,49,1943-06-10,,82,0,"CONFERENCE REPORT ON H.R. 2714, URGENT DEFICIENCY APPROPRIA- TIONS, ON A MOTION THAT THE SENATE FURTHER INSIST ON ITS AMENDMENT NO. 60 TO H.R. 2714.",,,Budget Special Interest,,Government Management,,,0.0,0.0,0.0,0.0,,,0.0
2017-01-22 01:59:02,RS0780050,78,Senate,50,1943-06-10,,29,62,"TO AMEND COMMITTEE AMENDMENT, H.R. 2481, BY ADDING THE FOL- LOWING STIPULATION-- ""THAT NO PART OF THE APPROPRIATION AU- THORIZED UNDER THIS ITEM SHALL BE USED EXCEPT FOR THE COMPLETE LIQUIDATION OF THE RESETTLEMENT PROJECTS WHICH SHALL BE ACCOMPLISHED BYDECEMBER 31, 1943.""",Agriculture,,Budget Special Interest,,Agriculture,4.680217370384941,-0.8907102106343361,0.323,0.621,-0.123,0.152,0.276,0.769,-42.397208
2017-01-22 01:59:02,RS0780051,78,Senate,51,1943-06-10,,75,14,"TO AMEND H.R. 2481, CONCERNING RURAL REHABILITATION APPRO- PRIATIONS AND OTHER AUTHORIZED BORROWING FROM THE RECON- STRUCTION FINANCE CORPORATION TO FINANCE THE RURAL ELECTRI- FICATION ADMINISTRATION.",Agriculture,Banking and Finance,Budget Special Interest,,Agriculture,8.152902900864511,-3.8089714705786557,0.438,-0.238,0.117,-0.083,0.143,0.865,-33.546254
2017-01-22 01:59:02,RS0780052,78,Senate,52,1943-06-10,,14,62,"TO RECESS UNTIL 11 O'CLOCK JUNE 11, 1943, A MOTION MADE DUR- ING DEBATE ON H.R. 2481.",Agriculture,,Budget Special Interest,,Agriculture,2.1807330303699524,1.9527074739966792,-0.856,0.086,0.092,-0.244,0.0,0.816,-38.930239
2017-01-22 01:59:02,RS0780053,78,Senate,53,1943-06-11,,45,33,"TO AMEND H.R. 2481, BY STRIKING FROM THE BILL A LIMITATION IMPOSED BY THE HOUSE, WHICH WOULD HAVE HAD THE EFFECT OF ELIMINATING AND PROHIBITING ANY LOANS MADE BY THE REGIONAL AGRICULTURAL CREDIT CORPORATION.",Agriculture,Banking and Finance,Budget Special Interest,,Agriculture,2.0340613197786013,0.27614766943454006,-0.386,-0.509,0.281,-0.799,0.667,0.859,-23.667631
2017-01-22 01:59:02,RS0780054,78,Senate,54,1943-06-11,,36,38,TO SUSPEND THE RULES SO THAT AN AMENDMENT WHICH INCLUDED LEGISLATION COULD BE OFFERED TO H.R. 2481.,Agriculture,,Budget Special Interest,,Agriculture,0.7450596332163906,0.2991799863176676,-0.419,-0.013,0.059,-0.458,0.556,0.784,-36.681757
2017-01-22 01:59:02,RS0780055,78,Senate,55,1943-06-12,,64,26,"CONFERENCE REPORT ON S. 796, PREVENTION OF STRIKES IN DE- FENSE INDUSTRIES, ON THE DISAGREEING VOTES OF THE TWO HOUSES ON THE AMENDMENT OF THE HOUSE.",Union Regulation/Davis-Bacon/Situs Picketing,,Regulation Special Interest,Defense Policy Budget,Social Welfare,9.115587738006722,2.853737735796776,-0.413,-0.911,-0.145,0.092,0.346,0.811,-45.170937
2017-01-22 01:59:02,RS0780056,78,Senate,56,1943-06-14,,15,60,"TO AMEND S. 575, CONFIRMATION BY THE SENATE OF CERTAIN GOV- ERNMENTAL EMPLOYEES, BY ADDING THE FOLLOWING PROVISO:  ""THE PROVISIONS OF THE ACT SHALL NOT BE APPLICABLE IN THE CASE OF ANY OFFICE OR POSITION IN THE TENNESSEE VALLEY AUTHORITY EXCEPT MEMBERS O THE BOARD OF DIRECTORS.""",,,Budget Special Interest,Government Organization,Government Management,6.188541082271598,2.396364448922468,-0.23,0.973,0.107,-0.1,0.0,0.8,-35.139177
2017-01-22 01:59:02,RS0780057,78,Senate,57,1943-06-14,,35,44,"TO AMEND S. 575, BY OFFERING A SUBSTITUTE WHICH DIFFERS FROM THE COMMITTEE BILL IN THAT THE COMMITTEE BILL USED A SALARY AS THE STANDARD TO DETERMINE WHICH EMPLOYEES SHOULD BE CON- FIRMED BY THE SENATE-- THE SUBSTITUTE USES A DEFINITION OF WHAT CONSTITUTS A POLICY-MAKING OFFICER OF THE GOVERNMENT.",,,Budget Special Interest,Government Organization,Government Management,0.19187574777827524,-0.04341409846467627,0.466,0.046,-0.007,0.211,0.229,0.658,-49.762527
2017-01-22 01:59:02,RS0780058,78,Senate,58,1943-06-14,,25,50,TO REFER S. 575 TO THE COMMITTEE ON CIVIL SERVICE.,,,Budget Special Interest,Government Organization,Government Management,0.27706267087230846,-0.5079742561514031,0.036,-0.498,-0.008,0.167,0.2,0.733,-44.692371
2017-01-22 01:59:02,RS0780059,78,Senate,59,1943-06-14,,49,35,"TO PASS S. 575, A BILL TO PROVIDE THAT CERTAIN CIVILIAN OF- FICERS IN THE EXECUTIVE BRANCH OF THE GOVERNMENT WHO ARE APPOINTED WITHOUT REGARD TO THE CIVIL-SERVICE LAWS SHALL BE APPOINTED BY THE PRESIDENT, BY AND WITH THE ADVICE AND CON- SENT OF THE SENAT.",Civil Service and Patronage,,Budget Special Interest,Government Organization,Government Management,0.9676124075901722,-0.04671680707249343,0.194,0.141,0.044,-0.263,0.343,0.726,-46.689622
2017-01-22 01:59:02,RS0780060,78,Senate,60,1943-06-24,,17,53,"CONFERENCE REPORT ON H.R. 2714, URGENT DEFICIENCY APPROPRIA- TIONS, ON THE DISAGREEING VOTES OF THE TWO HOUSES ON AN AMENDMENT OF THE SENATE.",,,Budget Special Interest,,Government Management,1.1592030403394187,0.959655980585765,-0.783,0.052,0.094,-0.469,-0.059,0.743,-35.419815
2017-01-22 01:59:02,RS0780061,78,Senate,61,1943-06-25,,63,27,"TO OVERRIDE VETO ON S. 796, PREVENTION OF STRIKES IN DEFENSE INDUSTRIES.",Union Regulation/Davis-Bacon/Situs Picketing,,Regulation Special Interest,Defense Policy Budget,Social Welfare,57.836832544594394,15.524497275209402,-0.285,-0.959,-0.13,0.013,0.259,0.778,-45.750332
2017-01-22 01:59:02,RS0780062,78,Senate,62,1943-06-26,,44,44,"TO AMEND S. 1108, CONTINUATION OF COMMODITY CREDIT, BY NE- GATING THE CLAIM OF THE LOAN ADMINISTRATOR AND THE OFFICE OF PRICE ADMINISTRATION THAT SECTION 2 (E) OF THE STABILIZA- TION ACT GAVE THEM AUTHORITY FOR THE ROLL-BACK POLICY THEY WERE PURSUING.  TE AMENDMENT ALSO PROVIDED THAT WHATEVER WAS ACCOMPLISHED IN THE WAY OF SUBSIDIES SHOULD BE SPECIF- ICALLY AUTHORIZED BY AN ACT OF CONGRESS.",Agriculture,Banking and Finance,Budget Special Interest,,Agriculture,119.28846712322594,3.038057809587745,-0.021,0.533,-0.165,0.008,0.568,0.784,-38.375362
2017-01-22 01:59:02,RS0780063,78,Senate,63,1943-06-26,,52,29,"TO AMEND S. 1108, BY PROVIDING A GENERAL SUBSTITUTE FOR THE SUBSIDY PROGRAM INCLUDED IN THE ORIGINAL LEGISLATION.",Agriculture,Banking and Finance,Budget Special Interest,,Agriculture,3.434061932335292,-1.4246918034742468,0.126,-0.992,0.038,-0.064,0.0,0.642,-52.17696
2017-01-22 01:59:02,RS0780064,78,Senate,64,1943-06-28,,46,43,"TO AMEND H.R. 2935, APPROPRIATIONS FOR THE LABOR DEPARTMENT AND FEDERAL SECUIRTY AGENCY, BY CALLING FOR THE APPROPRIA- TION OF $48,800,000 TO CONTINUE THE NATIONAL YOUTH PROGRAM.",Workplace conditions/8 hour day,"Children (aid, infant mortality, etc.)",Domestic Social Policy,,Social Welfare,6.458446300813041,0.17823576609755687,0.126,0.992,0.134,-0.12,0.442,0.73,-45.878902
2017-01-22 01:59:02,RS0780065,78,Senate,65,1943-06-28,,46,43,"TO TABLE MOTION TO RECONSIDER THE VOTE BY WHICH AN AMEND- MENT TO H.R. 2935, OFFERED BY SENATOR TRUMAN WAS AGREED TO; SEE REF. #0073.",Workplace conditions/8 hour day,,Domestic Social Policy,,Social Welfare,9.407195654843665,0.19697545636422376,0.059,0.752,0.135,-0.083,0.488,0.753,-44.769423
2017-01-22 01:59:02,RS0780066,78,Senate,66,1943-06-28,,69,2,"CONFERENCE REPORT ON H.R. 2481,  APPROPRIATIONS FOR THE DE- PARTMENT OF AGRICULTURE, ON A MOTION THAT THE SENATE INSIST UPON ITS AMENDMENT NUMBERED 87.",Agriculture,,Budget Special Interest,,Agriculture,0.20159472882130258,-0.9493451203227385,0.091,-0.931,0.058,-1.664,1.0,1.0,-1.639068
2017-01-22 01:59:02,RS0780067,78,Senate,67,1943-06-28,,51,10,"CONFERENCE REPORT ON H.R. 2481, ON A MOTION THAT THE SENATE INSIST UPON ITS AMENDMENT 98 AND 99.",Agriculture,,Budget Special Interest,,Agriculture,6.870314653782122,-2.543215055393558,0.461,0.624,0.196,-0.165,0.3,0.885,-17.700784
2017-01-22 01:59:02,RS0780068,78,Senate,68,1943-06-29,,32,45,"CONFERENCE REPORT ON H.R. 2714, URGENT DEFICIENCY APPROPRIA- TIONS, ON THE DISAGREEING VOTES OF THE TWO HOUSES ON CERTAIN AMENDMENTS OF THE SENATE.",,,Budget Special Interest,,Government Management,0.45055720106281805,0.4504033006553783,-0.993,0.003,0.049,-0.629,0.25,0.688,-46.570678
2017-01-22 01:59:02,RS0780069,78,Senate,69,1943-06-29,,35,37,"CONFERENCE REPORT ON H.R. 2714, URGENT DEFICIENCY APPROPRIA- TIONS, ON THE DISAGREEING VOTES OF THE TWO HOUSES ON CERTAIN AMENDMENTS OF THE SENATE.",,,Budget Special Interest,,Government Management,-23.61670662237604,-0.022715028482582333,0.041,-0.991,-0.098,-0.024,0.371,0.694,-42.309306
2017-01-22 01:59:02,RS0780070,78,Senate,70,1943-06-30,,64,13,"CONFERENCE REPORT ON H.R. 2869,  CONTINUATION OF COMMODITY CREDIT CORPORATION, ON THE DISAGREEING VOTES OF THE TWO HOUSES ON THE AMENDMENT OF THE SENATE.",Budget resolution ,Amnesty (all wars),Budget Special Interest,,Agriculture,-0.6647911786734988,-0.9285208821326502,0.1,-0.995,-0.03,-0.261,0.077,0.844,-32.600577
2017-01-22 01:59:02,RS0780071,78,Senate,71,1943-06-30,,37,41,"TO AMEND H.R. 2938,  APPROPRIATIONS FOR WAR AGENCIES IN THE EXECUTIVE OFFICE, BY INCREASING THE APPROPRIATIONS FOR THE MOTION PICTURE BUREAU, THE BOOK AND MAGAZINE DIVISIONS, THE FIELD SERVICE, AND THE BUREAU OF GRAPHICS AND PRINTING.",Unemployment/Jobs,Tax rates,Defense Policy Budget,,Foreign and Defense Policy,1000,-53.00000000000001,-0.048,0.101,0.196,-0.0,,,-28.841784
2017-01-22 01:59:02,RS0780072,78,Senate,72,1943-06-30,,27,38,"TO AMEND H.R. 2968,  APPROPRIATIONS FOR WAR AGENCIES IN THE EXECUTIVE OFFICE OF THE PRESIDENT, BY INCREASING THE APPRO- PRIATION FOR CIVIL DEFENSE FROM $4,000,000 TO $5,000,000.",,,Defense Policy Budget,,Foreign and Defense Policy,5.745380716350436,1.029634517908761,-0.025,0.886,0.15,-0.151,0.407,0.754,-30.799974
2017-01-22 01:59:02,RS0780073,78,Senate,73,1943-07-01,,21,54,"CONFERENCE REPORT ON H.R. 2481,  APPROPRIATIONS FOR THE DE- PARTMENT OF AGRICULTURE, THAT THE SENATE RECEDE FROM ITS AMENDMENTS NUMBERED 98 AND 99.",Fish and Wildlife,Women's Equality,Budget Special Interest,,Agriculture,38.55788836306293,-36.8712464936296,0.963,0.26,-0.06,0.009,0.0,0.72,-43.86902
2017-01-22 01:59:02,RS0780074,78,Senate,74,1943-07-02,,51,36,"CONFERENCE REPORT ON H.R. 2714, URGENT DEFICIENCY APPROPRIA- TIONS, ON THE DISAGREEING VOTES OF THE TWO HOUSES ON CERTAIN AMENDMENTS OF THE SENATE.",,,Budget Special Interest,,Government Management,-3.2099442062249883,-0.19459675104677637,0.121,-0.583,-0.111,-0.2,0.417,0.759,-45.336487
2017-01-22 01:59:02,RS0780075,78,Senate,75,1943-07-02,,43,32,"CONFERENCE REPORT ON H.R. 2935, DEPARTMENT OF LABOR AND FEDERAL SECURITY AGENCY APPROPRIATIONS, ON THE DISAGREEING VOTES OF THE TWO HOUSES ON CERTAIN AMENDMENTS OF THE SENATE.",Workplace conditions/8 hour day,,Domestic Social Policy,,Social Welfare,-5.422203051055724,-0.7604230657535482,0.044,-0.999,-0.06,-0.064,0.156,0.64,-47.659782
2017-01-22 01:59:02,RS0780076,78,Senate,76,1943-07-02,,40,25,"CONFERENCE REPORT ON H.R. 2935, ON A MOTION THAT THE SENATE CONCUR IN THE AMENDMENT OF THE HOUSE TO SENATE AMENDMENT NUMBERED 19.  THE HOUSE AMENDMENT PROVIDED THAT ""NO PART OF THE FUNDS APPROPRIATED IN THIS TITLE SHALL BE USED IN ANY WAY IN CONNECTION WTH A COMPLAINT CASE ARISING OVER AN AGREEMENT BETWEEN MANAGEMENT AND LABOR WHICH HAS BEEN IN EX- ISTENCE 3 MONTHS OR LONGER WITHOUT COMPLAINT BEING FILED.""",Workplace conditions/8 hour day,,Domestic Social Policy,,Social Welfare,-5.540159749008516,-0.923343354729179,-0.021,-0.807,-0.091,-0.095,0.32,0.738,-36.49252
2017-01-22 01:59:02,RS0780077,78,Senate,77,1943-07-02,,19,40,"CONFERENCE REPORT ON H.R. 2935, THAT THE SENATE RECEDE FROM SENATE AMENDMENT PROVIDING THAT ALL APPOINTMENTS INVOLVING SALARIES OF $4,500 OR MORE MADE BY THE PRESIDENT UNDER THE APPROPRIATION BILL SHOULD BE CONFIRMED BY THE SENATE.",Workplace conditions/8 hour day,,Domestic Social Policy,,Social Welfare,-2.5165644694976184,-0.9346355816710524,0.022,-0.99,0.057,0.131,-0.053,0.661,-34.369688
2017-01-22 01:59:02,RS0780078,78,Senate,78,1943-07-03,,50,40,"CONFERENCE REPORT ON H.R. 2935, THAT THE SENATE RECEDE FROM AN AMENDMENT MAKING APPROPRIATION TO CONTINUE THE NATIONAL YOUTH ADMINISTRATION.",Workplace conditions/8 hour day,,Domestic Social Policy,,Social Welfare,8.609801208343029,0.918780397583314,0.002,0.936,-0.131,0.088,0.375,0.722,-47.392422
2017-01-22 01:59:02,RS0780079,78,Senate,79,1943-07-05,,46,24,"CONFERENCE REPORT ON H.R. 2481, THAT THE SENATE RECEDE FROM AMENDMENTS NOS. 98 AND 99, RELATING TO THE FEDERAL CROP INSURANCE AND TO THE AGRICULTURAL APPROPRIATIONS UNDER H.R. 2481.",Agriculture,,Budget Special Interest,,Agriculture,50.31804431379712,-12.977098274921802,0.277,0.961,0.087,-0.01,0.167,0.714,-39.826671
2017-01-22 01:59:02,RS0780080,78,Senate,80,1943-07-06,,37,34,"TO AMEND H.J. RES. 147, CONTINUATION OF COMMODITY CREDIT CORPORATION, DEALING WITH PAYMENT OF SUBSIDIES ON AGRICUL- TURAL PRODUCE.",Agriculture,,Budget Special Interest,,Agriculture,-5.338784542577944,0.2791027634062355,0.08,-0.148,0.096,0.104,0.294,0.662,-41.009522
2017-01-22 01:59:02,RS0780081,78,Senate,81,1943-07-06,,36,36,TO RECONSIDER SENATOR TAFT'S AMENDMENT TO A COMMITTEE AMEND- MENT TO H.J. RES. 147.  THE AMENDMENT CONTAINED PROVISIONS AGAINST GRADE LABELING AND THE ELIMINATION OF TRADE NAMES.,Agriculture,,Budget Special Interest,Regulation Special Interest,Agriculture,-5.948931347443995,0.22724702071246422,-0.044,0.489,-0.108,-0.105,0.361,0.681,-40.218367
2017-01-22 01:59:02,RS0780082,78,Senate,82,1943-07-06,,35,36,THIS VOTE IS THE RECONSIDERATION OF A COMMITTEE AMENDMENT TO H.J. RES. 147.  THE AMENDMENT DEALS WITH PAYMENT OF SUB- SIDIES BEING RECONSIDERED.,Agriculture,,Budget Special Interest,,Agriculture,-4.740723979065114,0.17540769235589304,-0.017,0.256,0.1,0.122,0.4,0.704,-40.113323
2017-01-22 01:59:02,RS0780083,78,Senate,83,1943-07-06,,33,37,"TO PASS H.J. RES. 147, CONTINUATION OF THE COMMODITY CREDIT CORPORATION AS AN AGENCY OF THE UNITED STATES.",Agriculture,,Budget Special Interest,,Agriculture,-6.351723574093848,0.033496536500533886,0.027,-0.138,0.123,0.112,0.424,0.729,-36.309309
2017-01-22 01:59:02,RS0780084,78,Senate,84,1943-07-06,,33,38,TO RECONSIDER THE VOTE BY WHICH H.J. RES. 147 WAS REJECTED.,Agriculture,,Budget Special Interest,,Agriculture,-3.6249845749780993,0.3719982723975471,0.112,-0.034,-0.089,-0.142,0.333,0.69,-41.009242
2017-01-22 01:59:02,RS0780085,78,Senate,85,1943-07-06,,9,58,"TO RECOMMIT H.J. RES. 147 TO THE COMMITTEE ON BANKING AND CURRENCY WITH INSTRUCTIONS TO REPORT BACK NOT LATER THAN 12 O'CLOCK NOON JULY 7, 1943.",Agriculture,,Budget Special Interest,,Agriculture,7.872235540792015,-5.9889088701674815,0.666,-0.746,-0.098,0.072,0.0,0.866,-27.974454
2017-01-22 01:59:02,RS0780086,78,Senate,86,1943-07-06,,39,31,"TO AMEND H.J. RES. 147, BY PROVIDING FOR AN APPROPRIATION FOR THE COMMODITY CREDIT CORPORATION BY RESTRICTING THE SUBSIDY PAYMENTS UNDER THE APPROPRIATION TO THOSE SPECIFI- CALLY PROVIDED IN THE STATUTE.",Agriculture,,Budget Special Interest,,Agriculture,-17.01083310135129,-1.0533358261418901,-0.031,-0.526,-0.1,-0.034,0.258,0.671,-40.395623
2017-01-22 01:59:02,RS0780087,78,Senate,87,1943-07-07,,66,4,"TO PASS H.R. 2936, A BILL TO AUTHORIZE THE APPROPRIATION OF AN ADDITIONAL $200,000,000 TO CARRY OUT THE PROVISIONS OF TITLE II OF THE ACT ENTITLED ""AN ACT TO EXPEDITE THE PROVISION OF HOUSING IN CONNECTION WITH NATIONAL DEFENSE, AND FOR OTHER PURPOSES,""APROVED OCT",,,Defense Policy Budget,,Foreign and Defense Policy,79.68630261699671,-39.81546500588136,0.499,-0.052,0.248,-0.018,-0.25,0.929,-11.159913
2017-01-22 01:59:02,RS0780088,78,Senate,88,1943-07-08,,39,36,"CONFERENCE INSTRUCTIONS, ON H.J. RES. 147, THAT THE SENATE CONFEREES BE INSTRUCTED TO RECEDE FROM SENATE AMENDMENT NUMBERED 3.",Agriculture,,Budget Special Interest,,Agriculture,-11.34491715297813,0.2763153605667753,0.056,-0.359,0.102,0.052,0.361,0.693,-42.416378
2017-01-22 01:59:02,RS0780089,78,Senate,89,1943-09-17,,19,40,"TO AMEND H.R. 1203, ELIMINATION OF PRIVATE SUITS ARISING OUT OF FRAUDS AGAINST THE UNITED STATES, BY PERMITTING AN INFOR- MER OR PERSON HAVING KNOWLEDGE OF FRAUD IN THE CASE OF A GOVERNMENT CONTRACT TO FIRST GO TO THE ATTORNEY GENERAL WITH THE INFORMATIO, AND IF THE ATTORNEY GENERAL FAILS TO BRING SUIT WITHIN 6 MONTHS, THE INFORMER CAN BRING SUIT ON BEHALF OF HIMSELF AND THE UNITED STATES GOVERNMENT AGAINST THE OFFENDING PARTY.",,,Domestic Social Policy,,Civil Liberties,-24.06012233855126,5.627663733678944,0.194,0.96,-0.104,-0.025,0.158,0.729,-30.994108
2017-01-22 01:59:02,RS0780090,78,Senate,90,1943-09-17,,14,48,TO RECOMMIT H.R. 1203 TO THE COMMITTEE ON THE JUDICIARY.,,,Domestic Social Policy,,Civil Liberties,-8.41263018830464,3.372424864043431,0.287,0.958,-0.112,-0.077,-0.071,0.758,-28.584307
2017-01-22 01:59:02,RS0780091,78,Senate,91,1943-09-17,,26,30,"TO RECOMMIT H.R. 1203 TO THE COMMITTEE ON THE JUDICIARY WITH INSTRUCTIONS TO HOLD HEARINGS ON IT AND TO REPORT IT BACK TO THE SENATE NOT LATER THAN DECEMBER 1, 1943.",,,Domestic Social Policy,,Civil Liberties,-815.4993388787808,44.129964299454166,0.054,0.093,-0.141,-0.001,0.538,0.786,-25.977346
2017-01-22 01:59:02,RS0780092,78,Senate,92,1943-09-17,,17,37,"TO AMEND H.R. 1203, BY ELIMINATING THE RETROACTIVE FEATURE OF THE COMMITTEE AMENDMENT BY PERMITTING A STAY AT THE IN- SISTENCE OF THE GOVERNMENT.",,,Domestic Social Policy,,Civil Liberties,-14.02543189206414,3.5682226573462152,0.284,-0.415,-0.097,-0.04,0.118,0.722,-30.625385
2017-01-22 01:59:02,RS0780093,78,Senate,93,1943-10-06,,92,1,"TO AMEND S. 763, DEFERMENT OF FATHERS FROM THE DRAFT, BY IN- CREASING FAMILY ALLOTMENTS OF SERVICEMEN.",Selective Service (The Draft),,Defense Policy Budget,Domestic Social Policy,Foreign and Defense Policy,,,0.0,0.0,0.0,0.0,,,0.0
2017-01-22 01:59:02,RS0780094,78,Senate,94,1943-10-06,,35,50,"TO AMEND S. 763, BY PROVIDING THAT SUBSTANTIALLY ALL SINGLE MEN MUST BE CALLED BEFORE ANY MARRIED MEN ARE CALLED.  IT FURTHER PROVIDES THAT SUBSTANTIALLY ALL MARRIED MEN WHO ARE NOT FATHERS MUST BE CALLED BEFORE FATHERS ARE CALLED. IT GOES ON TO PROVIDE HAT THE YOUNGER FATHERS MUST BE CALLED FIRST IN THE GROUP FROM 18 TO 25, AND AFTER THAT FROM 25 TO 30, AND FINALLY FROM 30 TO 38.",Selective Service (The Draft),,Defense Policy Budget,Domestic Social Policy,Foreign and Defense Policy,-343.16520643126,29.40020775308836,0.086,-0.112,-0.178,-0.003,0.514,0.8,-34.171069
2017-01-22 01:59:02,RS0780095,78,Senate,95,1943-10-06,,28,54,"TO AMEND S. 763 BY THE FOLLOWING PROVISO:  ""THAT FATHERS BE DEFERRED UNTIL SUCH TIME AS THE SELECTIVE SERVICE HAS DETER- MINED AND INDUCTED INTO THE ARMED SERVICES THE NUMBER OF MEN NOW DEFERRED IN GOVERNMENT AND INDUSTRY THAT WILL BE AVAILABLE FOR CALL NDER THE PROVISIONS OF THIS ACT AND THE NUMBER OF MEN IN THE IV-F CLASSIFICATION WHO CAN BE INDUCTED INTO THE ARMED SERVICES BY A REVIEW OF THE PHYSICAL STAND- ARDS AS MAY BE RECOMMENDED BY THE COMMISSION ESTABLISHED BY THE PRESIDENT FOR THE PURPOSE OF EX...",Selective Service (The Draft),,Defense Policy Budget,Domestic Social Policy,Foreign and Defense Policy,-5.000929129795756,1.2322750224195436,0.296,-0.248,-0.115,-0.133,0.321,0.768,-42.275772
2017-01-22 01:59:02,RS0780096,78,Senate,96,1943-10-06,,80,0,"TO PASS S. 763, A DEFERMENT OF FATHERS FROM THE DRAFT.",Selective Service (The Draft),,Defense Policy Budget,Domestic Social Policy,Foreign and Defense Policy,,,0.0,0.0,0.0,0.0,,,0.0
2017-01-22 01:59:02,RS0780097,78,Senate,97,1943-10-20,,48,39,"TO AMEND S. 637, FEDERAL AID TO PUBLIC EDUCATION, BY ADDING THE FOLLOWING PROVISO:  ""PROVIDED, THAT THERE SHALL BE NO DISCRIMINATION IN THE ADMINISTRATION OF BENEFITS AND APPROPRIATIONS MADE UNDER THE RESPECTIVE PROVISIONS OF THIS ACT, OR IN THE STATES FNDS SUPPLEMENTED THEREBY ON ACCOUNT OF RACE, CREED, OR COLOR.""",Civil Rights/Desegregation/Busing/Affirmative Action,Education,Budget Special Interest,Domestic Social Policy,Social Welfare,4.631465106110097,0.5381164196012105,0.098,0.992,-0.205,0.256,0.564,0.805,-34.342544
2017-01-22 01:59:02,RS0780098,78,Senate,98,1943-10-20,,60,30,TO RECOMMIT S. 637 TO THE COMMITTEE ON EDUCATION AND LABOR.,Education,,Budget Special Interest,Domestic Social Policy,Social Welfare,-5.108920208105838,-1.991566201204956,-0.198,-0.98,-0.053,-0.06,0.033,0.678,-56.135186
2017-01-22 01:59:02,RS0780099,78,Senate,99,1943-11-04,,16,76,"TO AMEND S. RES. 192, COLLABORATION FOR POST-WAR PEACE, BY STATING THE MINIMUM TERMS TO BE INCLUDED IN ANY AGREEMENT FOR PEACE FOR THE GUIDANCE OF THE PRESIDENT.",Treaties,,Foreign Policy Resolutions,Defense Policy Budget,Foreign and Defense Policy,-2.6289469338452,1.5612551662474794,0.223,0.975,-0.095,-0.209,-0.062,0.815,-37.8877
2017-01-22 01:59:02,RS0780100,78,Senate,100,1943-11-04,,28,60,"TO AMEND S. RES. 192, BY DECLARING THAT THE UNITED STATES PARTICIPATION IN ANY INTERNATIONAL ORGANIZATION SHOULD BE BY TREATY ONLY.",Treaties,,Foreign Policy Resolutions,Defense Policy Budget,Foreign and Defense Policy,-11.928846712322594,2.3266866272592925,0.159,0.43,-0.165,-0.08,0.321,0.784,-36.132155
2017-01-22 01:59:02,RS0780101,78,Senate,101,1943-11-05,,90,6,"TO PASS S. RES. 192, WHICH DECLARES WAR AND PEACE AIMS OF THE UNITED STATES.",Treaties,,Foreign Policy Resolutions,Defense Policy Budget,Foreign and Defense Policy,-3.133275529317544,2.2019505775665,0.855,-0.477,0.292,0.539,-0.167,0.927,-19.575421
2017-01-22 01:59:02,RS0780102,78,Senate,102,1943-11-16,,22,56,"TO AMEND S. 1457, PROMOTION OF GOVERNMENT BOND SALES BY NEWSPAPER ADVERTISING, BY REQUIRING THAT $5,000,000 OF THE APPROPRIATION BE SPENT FOR ADVERTISING BY SMALL RADIO STATIONS.",Banking and Finance,Radio/Television/Motion Pictures/Telecommunications,Budget Special Interest,Defense Policy Budget,Government Management,-7.436164184304992,4.870633824754304,0.742,-0.647,-0.072,-0.056,0.045,0.731,-46.205592
2017-01-22 01:59:02,RS0780103,78,Senate,103,1943-11-16,,35,38,"TO AMEND S. 1457, BY STRIKING FROM THE LEGISLATION THE RE- QUIREMENT THAT THE AUTHORIZED APPROPRIATION BE SPENT.",Banking and Finance,,Budget Special Interest,Defense Policy Budget,Government Management,5.783683254459439,0.06259952053148743,0.049,0.346,-0.097,0.097,0.457,0.74,-40.15352
2017-01-22 01:59:02,RS0780104,78,Senate,104,1943-11-16,,48,37,"TO PASS S. 1457, A BILL TO AID IN THE STABILIZATION PROGRAM AND THE WAR EFFORT BY PAID NEWSPAPER ADVERTISING IN CONNEC- TION WITH THE SALE OF UNITED STATES BONDS, AND FOR OTHER PURPOSES.",Banking and Finance,,Budget Special Interest,Defense Policy Budget,Government Management,5.9414200704901505,-0.15975265353410883,0.192,0.981,0.113,-0.11,0.405,0.741,-46.366626
2017-01-22 01:59:02,RS0780105,78,Senate,105,1943-11-18,,65,4,"TO OVERRIDE VETO OF S. 514, A BILL PROVIDING FOR THE RELIEF OF BLANCHE H. KARSCH, ADMINISTRATRIX OF THE ESTATE OF KATE E. HAMILTON.",,,Budget Special Interest,,Government Management,-13.013287322533737,-9.097965491900302,-0.75,0.662,-0.189,-0.084,0.0,0.942,-12.943033
2017-01-22 01:59:02,RS0780106,78,Senate,106,1943-11-23,,35,37,"TO AMEND S. 1285, WARTIME METHOD OF VOTING BY ARMED FORCES, BY CHANGING THE WAY IN WHICH THE BALLOT COMMISSION PROVIDED UNDER THE LEGISLATION SHOULD BE CREATED.  IT PROVIDES THAT THE RESPECTIVE NATIONAL COMMITTEES SHALL SUBMIT NO LESS THAN SIX NOMINEES FOM WHOM TWO WOULD BE SELECTED TO SERVE",Voting Rights,,Defense Policy Budget,,Foreign and Defense Policy,6.006392177910036,0.5545433351223531,-0.085,0.044,-0.89,0.857,0.886,0.944,-11.447915
2017-01-22 01:59:02,RS0780107,78,Senate,107,1943-11-29,,45,31,MOTION THAT THE SENATE PROCEED TO THE CONSIDERATION OF EXECUTIVE BUSINESS.,,,Internal Organization,,Miscellaneous Policy,6.163633249277941,-0.2900903173628089,0.19,0.881,0.292,-0.274,0.839,0.934,-16.494578
2017-01-22 01:59:02,RS0780108,78,Senate,108,1943-11-30,,44,42,TO RECONSIDER SENATOR BRIDGES' AMENDMENT TO S. 1285.  THE AMENDMENT PROVIDED A NEW METHOD BY WHICH TO CHOOSE THE MEM- BERS OF A BALLOT COMMISSION WHICH WAS CREATED.,Voting Rights,,Defense Policy Budget,,Foreign and Defense Policy,4.128048735053111,0.5087256045311078,-0.115,0.034,-0.374,0.524,0.81,0.907,-18.815918
2017-01-22 01:59:02,RS0780109,78,Senate,109,1943-11-30,,43,42,RECONSIDERATION OF THE BRIDGES AMENDMENT TO S. 1285. SEE REF. #0115.,Voting Rights,,Defense Policy Budget,,Foreign and Defense Policy,4.844550527992758,0.4880768506873048,-0.096,0.023,-0.423,0.505,0.857,0.929,-16.274879
2017-01-22 01:59:02,RS0780110,78,Senate,110,1943-11-30,,44,40,TO TABLE A MOTION TO RECONSIDER THE VOTE BY WHICH AN AMEND- MENT TO S. 1285 CHANGING THE METHOD OF CHOOSING A BALLOT COMMISSION UNDER THIS LEGISLATION WAS ACCEPTED.,Voting Rights,,Defense Policy Budget,,Foreign and Defense Policy,4.106630117478636,0.5284757237450004,-0.117,0.048,-0.382,0.538,0.775,0.893,-18.302137
2017-01-22 01:59:02,RS0780111,78,Senate,111,1943-11-30,,42,37,"TO AMEND S. 1285 BY PROVIDING THAT THE MEMBERS OF THE MER- CHANT MARINE WOULD REMAIN WITHIN THE PROVISIONS OF THE MEASURE, AND WOULD BE ENTITLED TO VOTE, BUT ELIMINATING CERTAIN CIVILIANS IN THE MERCHANT MARINE ORIGINALLY COVERED IN THE LEGISLATION.",Voting Rights,,Defense Policy Budget,,Foreign and Defense Policy,17.107810748003853,-0.3344796472040886,0.023,0.059,1.266,-0.428,0.784,0.899,-18.809167
2017-01-22 01:59:02,RS0780112,78,Senate,112,1943-12-01,,61,21,"TO AMEND S. 1285, BY PROVIDING FOR THE INCLUSION OF THE FOL- LOWING UNDER THE TERMS OF THE ACT:  THE AMERICAN RED CROSS, THE SOCIETY OF FRIENDS, THE WOMEN'S AUXILIARY FERRY SERVICE, THE WOMEN'S AIR FORCE SERVICE PILOTS, AND THE UNITED STATES SERVICE ORGAIZATIONS OUTSIDE THE UNITED STATES WHO ARE ATTACHED TO AND SERVING WITH THE ARMED FORCES OF THE UNITED STATES.",Voting Rights,,Defense Policy Budget,,Foreign and Defense Policy,5.091270470474859,-0.9438890122130723,0.196,0.054,0.25,-0.284,0.619,0.902,-16.068453
2017-01-22 01:59:02,RS0780113,78,Senate,113,1943-12-02,,39,42,THE AMENDMENT WOULD HAVE PLACED THE RESPONSIBILITY FOR DETERMINING THE TYPE OF POLITICAL LITERATURE SUPPLIED TO SERVICEMENT OVERSEAS TO THE WAR DEPARTMENT AND THE NAVY DEPARTMENT.,Voting Rights,,Defense Policy Budget,,Foreign and Defense Policy,3.968414970700119,0.6014201707515172,-0.145,0.026,0.599,-0.873,0.846,0.926,-14.015998
2017-01-22 01:59:02,RS0780114,78,Senate,114,1943-12-02,,44,38,TO AMEND S. 1285 BY ATTEMPTING TO PREVENT THE DISTRIBUTION OF PARTISAN PROPAGANDA TO SERVICEMENT OVERSEAS BY ALLOWING THE BI-PARTISAN BALLOT COMMISSION CREATED UNDER THE ACT TO ACT AS A SCREENING AGENT.,Voting Rights,,Defense Policy Budget,,Foreign and Defense Policy,4.703950780037924,0.7034807646655747,-0.147,0.012,-0.562,0.691,0.895,0.951,-14.101809
2017-01-22 01:59:02,RS0780115,78,Senate,115,1943-12-03,,32,52,"TO AMEND S. 1285, BY CHANGING THE MECHANISM FOR VOTING UNDER THE ACT.  IT WOULD AUTHORIZE THE ABSENTEE VOTER TO DESIG- NATE, THROUGH POWER OF ATTORNEY, TO HIS FATHER, MOTHER, RELATIVE, OR TRUSTED FRIEND, THE AUTHORITY TO VOTE IN BEHALF OF THE ABSENTEE VOER AND IN ACCORDANCE WITH THE LATTER'S INSTRUCTIONS, PRECISELY AS THOUGH HE WERE PRESENT IN PERSON WITHIN THE APPROPRIATE VOTING PRECINCT OF HIS INDIVIDUAL STATE.",Voting Rights,,Defense Policy Budget,,Foreign and Defense Policy,78.93026559026998,-8.392817355797808,0.103,-0.263,-1.16,0.085,0.781,0.917,-16.831568
2017-01-22 01:59:02,RS0780116,78,Senate,116,1943-12-03,,43,39,"TO AMEND S. 1285, BY REQUIRING THAT THE METHOD FOR ABSENTEE VOTING MUST BE PROVIDED AND REGULATED BY THE STATES RATHER THAN THE FEDERAL GOVERNMENT.",Voting Rights,States Rights vs. Federal Government,Defense Policy Budget,,Foreign and Defense Policy,-2.5771852843705276,0.06107998660997871,-0.135,0.409,-0.086,-0.193,0.462,0.744,-45.851851
2017-01-22 01:59:02,RS0780117,78,Senate,117,1943-12-07,,62,16,"TO AMEND H.R. 3598, FIRST SUPPLEMENTAL NATIONAL DEFENSE AP- PROPRIATIONS, BY ADDING THE FOLLOWING-- ""THE AMOUNT THAT MAY BE USED FOR ADMINISTRATIVE EXPENSES IN THE FISCAL YEAR 1944 UNDER THE HEAD ""WAR SHIPPING ADMINISTRATION, REVOLVING FUND"" IS HEREBY INREASED FROM $9,650,000 TO $12,000,000.",,,Defense Policy Budget,,Foreign and Defense Policy,5.901717606591264,-1.684053448140094,0.264,-0.126,0.2,-0.196,0.437,0.885,-20.176956
2017-01-22 01:59:02,RS0780118,78,Senate,118,1943-12-08,,66,12,TO SUSPEND SENATE RULES TO ALLOW AN AMENDMENT MAKING LEGIS- LATION IN AN APPROPRIATION BILL.  THE PROPOSED AMENDMENT TO H.R. 3598 WOULD HAVE SEVERELY RESTRICTED THE TRANSFER OF SURPLUS FUNDS THAT MIGHT HAVE ACCRUED WITHIN THE WAR DEPARTMENT.,,,Defense Policy Budget,,Foreign and Defense Policy,-6.469882962615645,-2.34106194945736,-0.496,0.868,-0.198,-0.177,0.083,0.859,-24.568024
2017-01-22 01:59:02,RS0780119,78,Senate,119,1943-12-08,,29,42,"TO AMEND H.R. 3598, BY PROVIDING THAT THE SECRETARY OF WAR MAY TRANSFER UP TO 10 PER CENT OF ANY OR ALL OF THE APPRO- PRIATIONS FOR THE MILITARY ESTABLISHMENT FOR THE FISCAL YEAR 1944 TO ANY OTHER SUCH APPROPRIATION, BUT NO OTHER APPROPRIATION SHOULD BE NCREASED MORE THAN 10 PER CENT THEREBY.",,,Defense Policy Budget,,Foreign and Defense Policy,4.740723979065114,0.5804791851319206,-0.137,-0.069,0.2,-0.244,0.586,0.831,-25.464866
2017-01-22 01:59:02,RS0780120,78,Senate,120,1943-12-08,,20,56,"TO AMEND H.R. 3598, BY PROVIDING THAT IF A SURPLUS DEVELOPS IN ANY PARTICULAR ACTIVITY OF THE WAR DEPARTMENT, SUCH SUR- PLUS SHOUD BE IMPOUNDED BY THE SECRETARY OF WAR, AND THAT IT COULD BE EXPENDED THEREAFTER ONLY FOR THE PURPOSE FOR WHICH IT WAS ORIGINLLY APPROPRIATED",,,Defense Policy Budget,,Foreign and Defense Policy,0.23973816598795605,-0.8124419734644109,0.298,-0.741,-0.008,0.193,0.15,0.776,-41.099756
2017-01-22 01:59:02,RS0780121,78,Senate,121,1943-12-08,,49,21,TO SUSPEND SENATE RULES SO AS TO ALLOW AN AMENDMENT MAKING LEGISLATION IN AN APPROPRIATION BILL.  THE PROPOSED AMEND- MENT TO H.R. 3598 WOULD HAVE ADDED AN APPROPRIATION FOR THE PUBLIC HEALTH SERVICE IN AN ATTEMPT TO REMEDY THE SERIOUS SHORTAGE OF DENTISS AND PHYSICIANS.,Public Health,,Defense Policy Budget,Domestic Social Policy,Foreign and Defense Policy,8.172595903040511,-1.1405956126327632,0.241,0.829,0.195,-0.138,0.524,0.857,-23.384777
2017-01-22 01:59:02,RS0780122,78,Senate,122,1943-12-09,,83,5,"TO PASS H.J. RES. 91, PAY OF NONOPERATING RAILWAY EMPLOYEES.",Unemployment/Jobs,,Budget Special Interest,Domestic Social Policy,Social Welfare,2.469187850942299,-1.8465378805505352,0.372,-0.928,0.111,-0.26,0.0,0.943,-19.853499
2017-01-22 01:59:02,RS0780123,78,Senate,123,1944-01-11,,54,22,"TO AMEND H.R. 3687, THE REVENUE ACT, BY PROVIDING THAT ONE YEAR FROM JANUARY 1, 1944, PAY-ROLL TAXES FOR OLD-AGE AND SURVIVORS' BENEFITS BE FROZEN AT EXISTING RATES OF 1 PERCENT UPON EMPLOYERS AND 1 PERCENT UPON EMPLOYEES, INSTEAD BEING INCREASED TO 2 PECENT ON EMPLOYERS AND EMPLOYEES AS WOULD OTHERWISE BE REQUIRED BY THE EXISTING SOCIAL SECURITY LAW.",Tax rates,Social Security,Budget General Interest,,Government Management,4.964908817834156,1.2085077365324126,-0.299,-0.276,-0.285,0.332,0.455,0.842,-23.317155
2017-01-22 01:59:02,RS0780124,78,Senate,124,1944-01-15,,39,27,"TO AMEND H.R. 3687, BY PROVIDING THAT IN THE YEAR IN WHICH A TAX LOSS IS CLAIMED BY AN INDIVIDUAL FROM THE OPERATION OF A 'COLLATERAL VENTURE', THE COMMISSIONER OF INTERNAL REVENUE WOULD BE AUTHORIZED TO COMPUTE THE INCOME OF THE PARTICULAR INDIVIDUAL FO EACH OF 5 YEARS",Tax rates,,Budget General Interest,,Government Management,5.377810745374566,0.5739819646625699,-0.127,-0.109,-0.159,0.171,0.444,0.773,-28.470662
2017-01-22 01:59:02,RS0780125,78,Senate,125,1944-01-17,,23,59,"TO AMEND H.R. 3687, BY SUSPENDING FOR THE DURATION OF THE WAR THE 10 CENTS PER POUND TAX ON COLORED OLEOMARGARINE.",Tax rates,Agriculture,Budget General Interest,Defense Policy Budget,Government Management,1.367508621987156,0.6921906980046844,0.209,0.978,0.109,-0.461,0.478,0.854,-31.182904
2017-01-22 01:59:02,RS0780126,78,Senate,126,1944-01-18,,37,39,"TO AMEND. H.R. 3687, BY STRIKING FROM THE BILL A MEASURE WHICH WOULD HAVE DEPRIVED A NUMBER OF METALS AND MINERAL OF THE DEPLETION ALLOWANCE AFTER THE CLOSE OF THE WAR.",Tax rates,,Budget General Interest,Defense Policy Budget,Government Management,1.9222241404526959,0.34831213928264504,-0.536,-0.682,0.113,-0.34,0.459,0.737,-41.571618
2017-01-22 01:59:02,RS0780127,78,Senate,127,1944-01-18,,37,35,"TO TABLE A MOTION TO AMEND H.R. 3687, WHICH STRIKES FROM THE BILL A MEASURE DEPRIVING A NUMBER OF METALS AND MINERALS OF THE DEPLETION ALLOWANCE AFTER THE CLOSE OF THE WAR.",Tax rates,,Budget General Interest,Defense Policy Budget,Government Management,1.9515495643881542,0.32413532139914314,-0.41,-0.476,-0.11,0.326,0.571,0.792,-36.250258
2017-01-22 01:59:02,RS0780128,78,Senate,128,1944-01-18,,28,51,"TO AMEND H.R. 3687, BY REQUIREING THAT THE BENEFICIARIES OF TAX EXEMPTION PRIVILEGES, SUCH AS FARM COOPERATIVES OR LABOR UNION, FILE A TAX RETURN FOR THE YEAR 1943 TO PROVE THE EXEMPTION JUSTIFIABLE.",Tax rates,Union Regulation/Davis-Bacon/Situs Picketing,Budget General Interest,,Government Management,4.314811316818947,-0.66298141501956,0.019,-0.581,-0.094,0.126,0.25,0.734,-42.30767
2017-01-22 01:59:02,RS0780129,78,Senate,129,1944-01-18,,38,47,"TO AMEND H.R. 3687, BY STRIKING FROM THE BILL A PROVISION WHICH REQUIRES INCOME-TAX RETURNS FROM CERTAIN ORGANIZATIONS WHICH ARE EXEMPT UNDER LAW FROM PAYING INCOME TAXES, SUCH AS FARM COOPERATIVES AND LABOR UNIONS.",Tax rates,Union Regulation/Davis-Bacon/Situs Picketing,Budget General Interest,,Government Management,25.129106553858254,2.321138319232282,-0.125,-0.82,0.126,-0.029,0.289,0.682,-46.397242
2017-01-22 01:59:02,RS0780130,78,Senate,130,1944-01-19,,27,45,"TO AMEND H.R. 3687, BY STRIKING FROM THE BILL CERTAIN PRO- VISIONS RELATING TO THE FILING OF INCOME-TAX RETURNS BY CERTAIN FARM COOPERATIVES.",Tax rates,Agriculture,Budget General Interest,,Government Management,1.8946548592194719,0.9666263306089471,-0.706,-0.371,0.057,-0.174,-0.111,0.583,-46.110042
2017-01-22 01:59:02,RS0780131,78,Senate,131,1944-01-21,,26,48,"TO AMEND H.R. 3687, BY ADDING THE FOLLOWING:  ""IN DETERMINING EXCESSIVE PROFITS UNDER THE RENEGOTIATION ACT, FOR FISCAL YEARS ENDING PRIOR TO JULY 1, 1943, AMOUNTS PAID PRIOR TO SUCH DETERMINATION WITH RESPECT TO TAXES IMPOSED BY ANY STATE, TERRITORY, ORPOLITICAL SUBDIVISION THEREOF, WHICH ARE MEASURED BY INCOME, SHALL TO THE EXTENT SO PAID BE ALLOWED AS ITEMS OF COST.""",Tax rates,,Budget General Interest,,Government Management,3.618228386676048,-0.528707534043349,0.357,0.763,-0.132,0.211,0.423,0.797,-33.284296
2017-01-22 01:59:02,RS0780132,78,Senate,132,1944-01-24,,35,46,"TO CONSIDER H.R. 3477, A BILL PROVIDING FOR CONTINUATION OF THE COMMODITY CREDIT CORPORATION.",Agriculture,,Budget Special Interest,,Agriculture,22.28696185676064,0.024869618567606416,-0.01,-0.198,-1.183,0.307,0.8,0.914,-16.285195
2017-01-22 01:59:02,RS0780133,78,Senate,133,1944-02-02,,24,70,"TO AMEND S. 1612, A BILL TO AMEND THE ACT OF SEPT 1942, WHICH PROVIDED A WARTIME METHOD OF VOTING BY THE MEMBERS OF THE ARMED FORCES, BY REQUIRING THAT ANY VOTING PROVISION FOR MEMBER OF THE AMNED FORCES BE ""IN ACCORDANCE WITH STATE LAW.""",Voting Rights,States Rights vs. Federal Government,Defense Policy Budget,,Foreign and Defense Policy,0.6386150260132297,0.8943277016430071,-0.832,0.363,0.053,-0.48,0.083,0.766,-47.68432
2017-01-22 01:59:02,RS0780134,78,Senate,134,1944-02-02,,17,72,"TO AMEND S. 1612, BY ADDING THE FOLLOWING:  ""QUALIFICATIONS OF THE VOTERS SHALL BE DETERMINED BY LAW.""",Voting Rights,,Defense Policy Budget,,Foreign and Defense Policy,0.5355262272647628,0.8683789239978974,-0.264,0.727,0.04,-0.432,0.176,0.843,-34.397615
2017-01-22 01:59:02,RS0780135,78,Senate,135,1944-02-03,,76,19,"TO AMEND S. 1612, BY PROVIDING FOR A FEDERAL BALLOT ONLY IN THOSE CASES WHERE THE STATES THEMSELVES FAILED TO PROVIDE A PRACTICAL MEANS FOR A SOLDIER TO VOTE.  THIS WOULD APPLY ONLY TO SOLDIERS SERVING WITHIN THE UNITED STATES.",Voting Rights,,Defense Policy Budget,,Foreign and Defense Policy,-2.3969810279176818,1.5150670824229349,0.839,-0.496,0.155,0.374,-0.053,0.789,-44.151119
2017-01-22 01:59:02,RS0780136,78,Senate,136,1944-02-04,,44,49,"TO AMEND S. 1612, BY PROVIDING THAT SOLDIERS WHO ARE ABROAD SHOULD HAVE THEIR STATE BALLOTS AND THAT THEY SHOULD NOT HAVE FEDERAL BALLOTS UNLESS THE STATE FROM WHICH THEY COME FAILS TO PROVIDE AN ABSENTEE VOTERS' LAW.",Voting Rights,States Rights vs. Federal Government,Defense Policy Budget,,Foreign and Defense Policy,-4.75412707303734,0.3139557294893852,0.171,-0.499,-0.157,-0.191,0.5,0.763,-42.336609
2017-01-22 01:59:02,RS0780137,78,Senate,137,1944-02-04,,19,70,"TO AMEND S. 1612, BY ALLOWING ALL SOLDIERS TO VOTE IRRESPECTIVE OF AGE.",Voting Rights,,Defense Policy Budget,,Foreign and Defense Policy,-0.4616687298459862,0.8111910373969742,-0.305,0.952,-0.036,-0.451,0.0,0.787,-35.033123
2017-01-22 01:59:02,RS0780138,78,Senate,138,1944-02-04,,39,47,"TO AMEND S. 1612, BY REQUIRING THE VOTER USING THE FEDERAL BALLOT TO INSERT THE NAME OF THE CANDIDATE INSTEAD OF MERELY WRITING IN THE NAME OF THE PARTY.",Voting Rights,,Defense Policy Budget,,Foreign and Defense Policy,5.434333259223635,0.19318200133397456,0.018,0.291,-0.14,0.149,0.538,0.791,-39.462179
2017-01-22 01:59:02,RS0780139,78,Senate,139,1944-02-04,,43,43,"TO  CONSIDER A HOUSE MESSAGE ON S. 1285, A BILL TO PROVIDE A WARTIME METHOD OF VOTING BY THE MEMBERS OF THE ARMED FORCES.",Voting Rights,,Defense Policy Budget,,Foreign and Defense Policy,-6.856154321511521,0.04672467908254385,0.134,-0.872,-0.179,-0.151,0.488,0.744,-39.588023
2017-01-22 01:59:02,RS0780140,78,Senate,140,1944-02-07,,43,48,TO CONSIDER HOUSE MESSAGE ON S. 1285.,Voting Rights,,Defense Policy Budget,,Foreign and Defense Policy,-3.8218171284974267,0.2788179974870496,0.175,-0.39,-0.15,-0.227,0.512,0.769,-41.123099
2017-01-22 01:59:02,RS0780141,78,Senate,141,1944-02-07,,35,52,"TO AMEND S. 1612, BY DOING AWAY WITH ONE ENTIRE MAILING OF THE BALLOT PROCEDURE AND WOULD ALSO DO AWAY WITH BURDENING THE ARMY AND NAVY WITH THE TRANSPORTATION OF BALLOTS, AND WOULD PLACE THAT BURDEN LARGELY ON THE POST OFFICE DEPARTMENT.",Voting Rights,,Defense Policy Budget,,Foreign and Defense Policy,-8.221902665653124,0.9058473465349062,0.13,-0.163,-0.145,-0.102,0.486,0.793,-39.115508
2017-01-22 01:59:02,RS0780142,78,Senate,142,1944-02-07,,51,39,TO CONSIDER HOUSE AMENDMENTS TO S. 1285.,Voting Rights,,Defense Policy Budget,,Foreign and Defense Policy,-8.291294175973322,-0.4540658785617341,0.065,-0.993,-0.205,-0.143,0.462,0.767,-38.105272
2017-01-22 01:59:02,RS0780143,78,Senate,143,1944-02-08,,70,22,"TO AMEND S. 1285, BY PROVIDING THAT IF FOR ANY REASON AN INDIVIDUAL OVERSEAS WERE UNABLE TO VOTE ON A STATE BALLOT HE COULD THEN VOTE ON THE FEDERAL BALLOT.",Voting Rights,States Rights vs. Federal Government,Defense Policy Budget,,Foreign and Defense Policy,0.13729811880022408,0.9298847424693141,-0.509,0.86,-0.008,0.337,-0.136,0.728,-45.894873
2017-01-22 01:59:02,RS0780144,78,Senate,144,1944-02-08,,44,50,TO AMEND S. 1285 BY PROVIDING A SUBSTITUTE A METHOD OF ABSENTEE VOTING FOR THAT PROVIDED IN THE PROPOSED SENATE AMENDMENT TO THE BILL AS PASSED BY THE HOUSE.,Voting Rights,,Defense Policy Budget,,Foreign and Defense Policy,-4.4984203090240085,0.32978200264531327,0.138,-0.291,-0.147,-0.189,0.432,0.734,-43.191283
2017-01-22 01:59:02,RS0780145,78,Senate,145,1944-02-08,,51,43,"TO AMEND S. 1285, BY PROVIDING FOR A FEDERAL BALLOT IN THOSE CASES WHERE THE STATES FAIL TO PROVIDE AN ABSENTEE VOTING LAW.",Voting Rights,States Rights vs. Federal Government,Defense Policy Budget,,Foreign and Defense Policy,-4.709119152538013,0.39487730271115806,0.162,-0.368,0.149,0.183,0.442,0.745,-43.391974
2017-01-22 01:59:02,RS0780146,78,Senate,146,1944-02-08,,44,50,"TO AMEND S. 1285, BY PROVIDING A SUBSTITUTE METHOD OF ABSENTEE VOTING FOR THAT PROVIDED IN THE BARKLEY AMENDMENT TO THE BILL AS PASSED BY THE HOUSE.",Voting Rights,,Defense Policy Budget,,Foreign and Defense Policy,-5.716037836278627,0.36275096187526745,0.184,-0.689,-0.169,-0.171,0.545,0.787,-42.700665
2017-01-22 01:59:02,RS0780147,78,Senate,147,1944-02-08,,52,41,"TO PASS S. 1612, A BILL TO AMEND THE ACT OF SEPT. 16, 1942, WHICH PROVIDED A METHOD OF WARTIME VOTING BY MEMBERS OF THE ARMED FORCES.",Voting Rights,,Defense Policy Budget,,Foreign and Defense Policy,-4.911284104345445,0.47614397982563467,0.19,-0.457,0.152,0.179,0.415,0.742,-43.047875
2017-01-22 01:59:02,RS0780148,78,Senate,148,1944-02-09,,29,56,"TO AMEND H.R. 3477, A BILL FOR CONTINUATION OF THE COMMODITY CREDIT CORPORATION, BY PROVIDING FOR A SERIES OF AGRICULTURAL SUBSIDIES UP TO $1.5 BILLION FOR THE PURPOSE OF OBTAINING NEEDED PRODUCTION OR DISTRIBUTION OF A COMMODITY CONSISTENTLY WITH THE OBECTIVES OF THE EMERGENCY PRICE CONTROL ACT OF 1942 AND THE STABLIZATION ACT.",Agriculture,Price Controls,Budget Special Interest,,Agriculture,-8.011182886244494,-0.9832683892698679,-0.024,-0.791,0.205,0.148,0.483,0.824,-32.229954
2017-01-22 01:59:02,RS0780149,78,Senate,149,1944-02-10,,17,70,"TO AMEND H.R. 3477, BY CHANGING THE PROGRAM FROM A SO-CALLED 'CONSUMER SUBSIDY' TO A PRICE SUPPORT PROGRAM AND WOULD REDUCE THE AUTHORIZATION FROM $1.5 BILLION TO $950 MILLION.",Agriculture,Price Controls,Budget Special Interest,,Agriculture,1.0727799584884445,-0.9260594874549405,0.784,-0.085,-0.069,0.372,0.235,0.851,-37.178152
2017-01-22 01:59:02,RS0780150,78,Senate,150,1944-02-11,,29,51,"TO AMEND H.R. 3477, BY PROVIDING FOR REIMBURSING FARMERS FOR ANY LOSS WHICH THEY MIGHT SUSTAIN BY REASON OF THE ABOLITION OF SUBSIDIES AND PERMIT THEM TO CONTINUE IN PRODUCTION.",Agriculture,,Budget Special Interest,,Agriculture,-1.7636343556199188,1.1379254795685874,0.893,-0.437,-0.068,-0.223,-0.034,0.625,-50.438753
2017-01-22 01:59:02,RS0780151,78,Senate,151,1944-02-11,,12,60,"TO AMEND H.R. 3477, BY ADDING THE FOLLOWING:  ""IN THE ADMINISTRATION OF THE STABILIZATION ACT, APPROVED OCTOBER 2, 1942, THE PRESIDENT SHALL ISSUE A GENERAL ORDER WITH RESPECT TO WAGES AND SALARIES, PERMITTING ANY INCREASE IN STRAIGHT-TIME HOURLY EARNING WHICH DOES NOT RESULT IN INCREASING SUCH EARNINGS TO A POINT MORE THAN 18 PERCENT ABOVE THE LEVEL OF JAN",Agriculture,Workplace conditions/8 hour day,Budget Special Interest,,Agriculture,25.106443218221656,10.324451254180646,-0.427,-0.396,0.191,-0.044,0.5,0.917,-24.460959
2017-01-22 01:59:02,RS0780152,78,Senate,152,1944-02-11,,17,54,"TO AMEND H.R. 3477, BY ELIMINATING ALL SUBSIDIES--THE SUPPOSEDLY ""GOOD"" ONES AS WELL AS THE ""BAD"" ONES.",Agriculture,,Budget Special Interest,,Agriculture,-4.3650439656297655,-2.9091303044007017,-0.803,0.596,0.08,0.106,0.059,0.775,-35.807117
2017-01-22 01:59:02,RS0780153,78,Senate,153,1944-02-11,,53,35,TO PASS H.R. 3477.,Agriculture,,Budget Special Interest,,Agriculture,-5.335651453057652,-0.49020167641601575,-0.087,-0.026,-0.131,-0.142,0.457,0.784,-42.248268
2017-01-22 01:59:02,RS0780154,78,Senate,154,1944-02-17,,18,52,"TO AMEND H.J.RES. 192, A BILL ALLOWING THE U.S. TO PARTICI- PATE IN THE UNITED NATIONS RELIEF AND REHABILITATION ADMINISTRATION BY PROVIDING THAT 50 PER CENT OF THE MONEY AUTHORIZED FOR THIS UNITED NATIONS AGENCY SHOULD BE SPENT FOR THE PURCHASE OF FARM RODUCTS AND OTHER SUPPLIES IN THE UNITED STATES.",U. N.,Humanitarian Assistance (foreign),Foreign Policy Budget,,Foreign and Defense Policy,-2.5933289431285873,0.956484879853335,0.407,-0.099,-0.139,-0.31,0.278,0.814,-27.457249
2017-01-22 01:59:02,RS0780155,78,Senate,155,1944-02-17,,45,19,"TO AMEND H.J.RES. 192, BY ADDING THE FOLLOWING PROVISO: ""NONE OF THE FUNDS APPRIPRIATED IN PURSUANCE OF THIS AUTHORIZATION SHALL BE EXPENDED IN THE PROMOTION OF ANY EDU- CATIONAL, RELIGIOUS, OR POLITICAL PROGRAM IN ANY COUNTRY IN WHICH REHABILITATION IS ARRIED ON.""",U. N.,Humanitarian Assistance (foreign),Foreign Policy Budget,,Foreign and Defense Policy,7.446059279693289,1.7321598686896356,-0.099,0.995,-0.215,0.167,0.263,0.781,-26.713488
2017-01-22 01:59:02,RS0780156,78,Senate,156,1944-02-17,,59,16,TO PASS H.J.RES. 192.,U. N.,Humanitarian Assistance (foreign),Foreign Policy Budget,,Foreign and Defense Policy,-2.7833177692542113,1.1388736991683568,0.619,-0.584,0.218,0.453,0.375,0.867,-24.819864
2017-01-22 01:59:02,RS0780157,78,Senate,157,1944-02-21,,49,4,"TO PASS H.R. 149, A BILL TO FIX A STANDARD OF IDENTITY OF DRY MILK SOLIDS.",Agriculture,Public Health,Regulation Special Interest,,Agriculture,-2.891841627229719,2.7962742607208,0.996,-0.084,0.196,0.392,0.0,0.925,-12.368903
2017-01-22 01:59:02,RS0780158,78,Senate,158,1944-02-25,,78,15,"TO OVERIDE VETO OF H.R. 3687, THE REVENUE ACT.",Tax rates,,Budget General Interest,,Government Management,15.769187676688555,5.431061065021388,-0.368,-0.372,-0.319,0.117,0.467,0.914,-21.213202
2017-01-22 01:59:02,RS0780159,78,Senate,159,1944-03-14,,54,35,"CONFERENCE REPORT ON S. 1285, WARTIME METHOD OF VOTING BY MEMBERS OF THE ARMED FORCES.",Voting Rights,,Defense Policy Budget,,Foreign and Defense Policy,-10.272512048965272,-1.4147180181055066,-0.043,-0.973,-0.119,-0.067,0.4,0.764,-47.116396
2017-01-22 01:59:02,RS0780160,78,Senate,160,1944-03-16,,53,15,"TO AMEND H.R. 4070, EXECUTIVE AND INDEPENDENT OFFICES APPRO- PRIATIONS, BY ADDING THE FOLLOWING PROVISO:  ""NO PART OF THE APPROPRIATIONS HEREIN MADE TO THE CIVIL SERVICE COMMISS- ION SHALL BE AVAILABLE FOR THE SALARIES AND EXPENSES OF THE LEGAL EXAMININGUNIT IN THE EXAMINING AND PERSONNEL UTILIZATION DIVISION OF THE COMMISSION, ESTABLISHED PURSUANT TO EXECUTIVE ORDER NO",Civil Service and Patronage,,Budget Special Interest,Government Organization,Government Management,-0.9001841641182007,-0.745355063955159,0.244,-0.965,-0.04,-0.257,0.067,0.794,-32.042011
2017-01-22 01:59:02,RS0780161,78,Senate,161,1944-03-20,,31,42,"TO AMEND COMMITTEE AMENDMENT H.R. 4070, BY INCREASING THE APPROPRIATION FOR THE FEDERAL COMMUNICATIONS COMMISSION FROM $4,191,143 TO $6,146,000.",Radio/Television/Motion Pictures/Telecommunications,,Budget Special Interest,,Government Management,5.135511855252778,0.7196348173913946,-0.322,-0.934,0.309,-0.348,0.548,0.808,-22.993526
2017-01-22 01:59:02,RS0780162,78,Senate,162,1944-03-20,,34,35,"TO AMEND H.R. 4070, BY RESTORING AN $500,000 APPROPRIATION FOR THE FOREIGN BROADCAST INTELLIGENCE SERVICE.  THIS AGENCY PERFORMED THE WORK OF MONITORING FOREIGN BROADCASTS.",Radio/Television/Motion Pictures/Telecommunications,CIA/Spying/Intelligence,Foreign Policy Budget,,Foreign and Defense Policy,-27.15117972232348,0.7651983686152627,0.041,-0.348,0.169,0.036,0.5,0.754,-28.95255
2017-01-22 01:59:02,RS0780163,78,Senate,163,1944-03-21,,22,49,"TO RECOMMIT H.J.RES. 192, UNITED NATIONS RELIEF AND REHABILITATION ADMINISTRATION, TO CONFERENCE COMMITTEE.",U. N.,Humanitarian Assistance (foreign),Foreign Policy Budget,,Foreign and Defense Policy,17.81640358844977,-3.086319838744059,0.178,0.085,-0.268,0.087,0.591,0.873,-16.326193
2017-01-22 01:59:02,RS0780164,78,Senate,164,1944-03-21,,59,9,"TO PASS CONFERENCE REPORT ON H.J. RES 192,  UNITED NATIONS RELIEF AND REHABILITATION ADMINISTRATION.",U. N.,Humanitarian Assistance (foreign),Foreign Policy Budget,,Foreign and Defense Policy,-5.084044151097411,1.857516556661529,0.375,-0.049,0.327,0.372,0.111,0.882,-13.884139
2017-01-22 01:59:02,RS0780165,78,Senate,165,1944-03-24,,17,47,"TO SUSTAIN A RULE OF THE CHAIR THAT A POINT OF ORDER RAISED BY SENATOR TYDINGS THAT THE QUESTION OF GERMANENESS OF AN AMENDMENT TO H.R. 4070, SHOULD BE SUBMITTED TO THE SENATE WAS OUT OF ORDER AT THE TIME IT WAS MADE.",,,Budget Special Interest,,Government Management,-2.2721612785376366,-0.512,-0.0,-0.512,0.088,0.224,0.118,0.766,-30.095744
2017-01-22 01:59:02,RS0780166,78,Senate,166,1944-03-24,,44,36,"TO AMEND H.R. 4070 BY REQUIRING THE TENNESSEE VALLEY AUTHORITY TO TURN ALL ITS RECEIPTS QUARTERLY INTO THE TREASURY, AFTER WHICH AN APPROPRIATION IS TO BE MADE TO PORVIDE MONEY FOR THE TENNESSEE VALLEY AUTHORITY.",,,Budget Special Interest,,Government Management,-14.385058350835015,-1.1348505835083502,-0.01,-0.991,-0.097,-0.039,0.194,0.637,-47.460605
2017-01-22 01:59:02,RS0780167,78,Senate,167,1944-03-24,,44,36,"TO AMEND H.R. 4070, BY CERTAIN PERFECTING AMENDMENTS CORRECTIN THE WORDING OF THE MEASURE.",,,Budget Special Interest,,Government Management,-14.385058350835015,-1.1348505835083502,-0.01,-0.991,-0.097,-0.039,0.194,0.637,-47.460605
2017-01-22 01:59:02,RS0780168,78,Senate,168,1944-03-24,,44,26,"TO AMEND H.R. 4070, BY PROVIDING FOR THE RETENTION OF THE FAIR EMPLOYMENT PRACTICE COMMITTEE.",Workplace conditions/8 hour day,,Budget Special Interest,Domestic Social Policy,Social Welfare,0.975731404786556,0.44075597527580446,0.402,0.833,-0.069,0.409,0.231,0.714,-35.812628
2017-01-22 01:59:02,RS0780169,78,Senate,169,1944-03-24,,34,37,"AN AMENDMENT TO H.R. 4070, PROVIDING FOR THE RETENTION OF THE FAIR EMPLOYMENT PRACTICE COMMITTEE.",Workplace conditions/8 hour day,,Budget Special Interest,Domestic Social Policy,Social Welfare,0.6306675889171196,0.21113351778342393,-0.2,0.085,0.041,-0.376,0.471,0.746,-35.796645
2017-01-22 01:59:02,RS0780170,78,Senate,170,1944-03-24,,35,37,"TO AMEND H.R. 4070, BY PROVIDING FOR THE RETENTION OF THE FAIR EMPLOYMENT PRACTICE COMMITTEE.  (THIS AMENDMENT WAS PREVIOUSLY AGREED TO, BUT A MOTION TO RECONSIDER WAS SUCCESSFUL.  THIS ROLL CALL IS THE RECONSIDERATION OF THE AMENDMENT.)",Workplace conditions/8 hour day,,Budget Special Interest,Domestic Social Policy,Social Welfare,0.06486373743318997,0.12700465791820498,-0.663,0.084,-0.006,0.535,0.486,0.75,-37.76764
2017-01-22 01:59:02,RS0780171,78,Senate,171,1944-03-24,,33,25,"TO TABLE A MOTION TO RECONSIDER, H.R. 4070, AN AMENDMENT ABOLISHING FROM CIVIL SERVICE REQUIREMENTS ALL POSITIONS WITH SALARIES OF $4,500 OR MORE A YEAR.",Civil Service and Patronage,,Budget Special Interest,Government Organization,Government Management,0.21621245811063322,-0.06735233597501408,-0.262,-0.124,0.008,-0.214,0.2,0.655,-35.706445
2017-01-22 01:59:02,RS0780172,78,Senate,172,1944-03-24,,34,19,"TO SUSPEND SENATE RULE, H.R. 4070, IN ORDER TO OFFER AN AMENDMENT TO HR 4070 WHICH WOULD BRING UNDER THE COMP- TROLLER GENERAL'S OFFICE THOSE AGENCIES OF GOVERNMENT WHICH WERE NOT REQUIRED TO MAKE TO THE CONGRESS PROPER ACCOUNTING OF THEIR FUNDS.",,,Budget Special Interest,Government Organization,Government Management,4.775920263152113,0.6870668705265239,0.036,0.859,-0.327,0.396,0.632,0.868,-13.340984
2017-01-22 01:59:02,RS0780173,78,Senate,173,1944-03-24,,96,0,"TO PASS S. 1767, A BILL TO PROVIDE FEDERAL AID FOR READJUSTMENT OF WORLD WAR II VETERANS IN CIVIL LIFE.",Military Pensions/Veterans Benefits,WWI,Defense Policy Budget,,Foreign and Defense Policy,,,0.0,0.0,0.0,0.0,,,0.0
2017-01-22 01:59:02,RS0780174,78,Senate,174,1944-04-24,,29,38,"TO RECONSIDER THE VOTE BY WHICH S. 469, A BILL TO PROVIDE FOR PROTECTION OF THE NAME ""RED CROSS"" WAS PASSED.",,,Regulation Special Interest,,Government Management,-2.62283310376649,0.8100245158401121,-0.069,0.991,-0.039,-0.086,0.172,0.642,-44.490233
2017-01-22 01:59:02,RS0780175,78,Senate,175,1944-04-25,,91,0,"TO PASS H.R. 4559, A BILL MAKING NAVAL APPROPRIATIONS.",,,Defense Policy Budget,,Foreign and Defense Policy,,,0.0,0.0,0.0,0.0,,,0.0
2017-01-22 01:59:02,RS0780176,78,Senate,176,1944-04-25,,89,1,"TO PASS H.R. 4254, A BILL TO EXTEND LEND-LEASE ACT.",Public Lands,Banking and Finance,Budget Special Interest,,Government Management,,,0.0,0.0,0.0,0.0,,,0.0
2017-01-22 01:59:02,RS0780177,78,Senate,177,1944-05-15,,43,46,"TO END DEBATE ON H.R. 7, THE POLL TAX BILL.",Tax rates,,Budget General Interest,,Government Management,-0.772355217210422,0.12687968794438398,-0.654,0.632,0.043,0.322,0.302,0.663,-54.696887
2017-01-22 01:59:02,RS0780178,78,Senate,178,1944-05-15,,41,35,"TO CONSIDER H.R. 3176, REGULATIONS AFFECTING THE FURNISHING OF ARTIFICIAL LIMBS TO RETIRED OFFICERS AND ENLISTED MEN.",Military Pensions/Veterans Benefits,,Defense Policy Budget,Domestic Social Policy,Foreign and Defense Policy,-1.2049340113457165,-0.11401926986258148,-0.693,0.721,-0.035,-0.168,0.114,0.592,-49.924817
2017-01-22 01:59:02,RS0780179,78,Senate,179,1944-05-15,,29,33,"TO AMEND S. 683, RECOGNITION OF SERVICES OF CIVILIAN EMPLOYEES IN CONNECTION WITH THE CONSTRUCTION OF THE PANAMA CANAL, BY LIMITING COMPENSATION TO THOSE SUFFERING FROM DISABILITY RESULTING FROM PERSONAL INJURIES SUSTAINED OR ILLNESS CONTRACTED DURING TH CONSTRUCTION OF THE CANAL.",Panama Canal,,Defense Policy Budget,Domestic Social Policy,Foreign and Defense Policy,6.431854653666101,0.04829877348361511,-0.091,-0.537,-0.129,0.116,0.448,0.742,-30.732465
2017-01-22 01:59:02,RS0780180,78,Senate,180,1944-05-17,,24,61,"TO AMEND H.R. 4204, A BILL MAKING APPROPRIATIONS FOR DEPARTMENTS OF STATE, JUSTICE, AND COMMERCE BY ADDING ""PROVIDED FURTHER, THAT NO PART OF THE FUNDS APPROPRIATED OR MADE AVAILABLE TO THE AGRICULTURAL ADJUSTMENT AGENCY OR TO ANY OTHER BUREAU OR AGENCY F THE DEPARTMENT OF AGRICULTURE SHALL BE USED TO PAY THE SALARY OF ANY FULL- TIME EMPLOYEE UNLESS SUCH EMPLOYEE SHALL CERTIFY THAT HE HAS NOT ENGAGED IN ANY POLITICAL ACTIVITY INCLUDING BUT NOT LIMITED TO MAKING OR SOLICITING CONTRIBUTIONS TO CAMPAIGN FUN...",Agriculture,,Budget Special Interest,,Agriculture,6.189865589887124,-0.7098852148875837,0.11,-0.029,-0.701,0.655,0.958,0.988,-4.058483
2017-01-22 01:59:02,RS0780181,78,Senate,181,1944-05-29,,66,13,"CONFERENCE REPORT ON H.R. 2928, HOURS OF DUTY OF POSTAL EMPLOYEES.",Workplace conditions/8 hour day,,Domestic Social Policy,,Social Welfare,11.898453922412083,-3.115364006120207,0.282,0.24,1.15,-0.559,0.462,0.911,-11.789256
2017-01-22 01:59:02,RS0780182,78,Senate,182,1944-05-31,,27,49,"TO CONSIDER H.R. 3931, A BILL AUTHORIZING THE CONSTRUCTION, REPAIR, AND PRESERVATION OF CERTAIN PUBLIC WORKS ON RIVERS AND HARBORS, AND FOR OTHER PURPOSES.",Public Works,,Budget Special Interest,,Government Management,2.209338858759445,0.7082544622259006,0.037,0.79,0.157,-0.411,0.333,0.763,-33.430778
2017-01-22 01:59:02,RS0780183,78,Senate,183,1944-06-05,,52,24,"TO AMEND S. 1764, EXTENSION OF EMERGENCY PRICE CONTROL AND STABILIZATION ACTS, BY ADDING THE FOLLOWING PROVISO:  ""AFTER JUNE 30, 1945, NEITHER THE PRICE ADMINISTRATOR NOR THE RFC NOR ANY OTHER GOVERNMENT CORPORATION SHALL MAKE ANY SUBSIDY PAYMENTS, OR BU ANY COMMODITIES FOR THE PURPOSE OF DIRECTLY OR INDIRECTLY THE SALE OF COMMODITIES, UNLESS THE MONEY REQUIRED FOR SUCH SUBSIDIES, OR SALE AT A LOSS, HAS BEEN APPROPRIATED BY CONGRESS FOR SUCH PURPOSE.""",Agriculture,Price Controls,Budget Special Interest,,Agriculture,-8.354209145330302,-1.3084815029931667,-0.055,-0.849,-0.26,-0.18,0.542,0.855,-23.856072
2017-01-22 01:59:02,RS0780184,78,Senate,184,1944-06-06,,33,50,"TO AMEND COMMITTEE AMENDMENT S. 1764, EXTENSION OF EMERGENCY PRICE CONTROL AND STABILIZATION ACTS, BY INCREASING THE PERIOD IN WHICH A PERSON COULD FILE A PROTEST AGAINST THE ORDERS AND REGULATIONS TO 60 DAYS.",Agriculture,Price Controls,Budget Special Interest,,Agriculture,10.461091524005496,-0.8049651388724287,0.078,0.011,-1.078,0.596,0.909,0.964,-10.847831
2017-01-22 01:59:02,RS0780185,78,Senate,185,1944-06-06,,50,28,"TO AMEND S. 1764, BY EXTENDING TO CIVIL SUITS AND INJUNCTION PROCEEDINGS THE DEFENSES AND PROTECTIONS WHICH SECTION 107 OF THE ACT PROVIDES IN CRIMINAL PROCEEDINGS.",Agriculture,Price Controls,Domestic Social Policy,,Civil Liberties,145.87734430692143,18.19666803836518,-0.125,-0.038,-0.227,0.009,0.464,0.808,-25.785759
2017-01-22 01:59:02,RS0780186,78,Senate,186,1944-06-07,,50,29,"TO AMEND S. 1764, BY ADDING THE FOLLOWING:  ""IT SHALL BE AN ADEQUATE DEFENSE TO ANY SUIT OR ACTION BROUGHT UNDER SUBSECTIONS (B), (E), OR (F) (2) OF THIS SECTION IF THE DEFENDANT PROVES THAT THE VIOLATION OF THE REGULATION, ORDER OR PRICE SCHEDULE PRESCRBING A MAXIMUM PRICE OR MAXIMUM PRICES WAS NEITHER WILLFUL NOR THE RESULT OF FAILURE TO TAKE PRACTICABLE PRECAUTIONS AGAINST THE CONCURRENCE OF THE VIOLATION",Agriculture,Price Controls,Domestic Social Policy,,Civil Liberties,-14.700194938417738,-1.8581239774253817,-0.123,-0.05,-0.122,-0.048,0.448,0.797,-38.843581
2017-01-22 01:59:02,RS0780187,78,Senate,187,1944-06-09,,24,51,"TO AMEND S. 1764, BY STRENGTHENING THE POWERS OF THE WAR PRODUCTION BOARD, ESPECIALLY IN RELATION TO COTTON GOODS.",Agriculture,Price Controls,Budget Special Interest,Defense Policy Budget,Agriculture,-11.026835363642293,-1.8791468290913835,-0.08,-0.997,0.204,0.107,0.417,0.813,-26.974087
2017-01-22 01:59:02,RS0780188,78,Senate,188,1944-06-09,,47,42,TO AMEND S. 1764 BY LIMITING POWERS OF THE WAR PRODUCTION BOARD TO CONTROL PRICES.  THIS AMENDMENT ESPECIALLY RELATED TO COTTON GOODS.,Agriculture,Price Controls,Budget Special Interest,Defense Policy Budget,Agriculture,-1.8816777711426258,0.11044239856680721,0.216,-0.296,-0.095,-0.292,0.429,0.73,-46.460423
2017-01-22 01:59:02,RS0780189,78,Senate,189,1944-06-09,,26,50,TO AMEND S. 1764 BY PROVIDING A FORMULA FOR INCREASING THE PARITY PRICE OF OIL.,Agriculture,Exchange Rates,Budget Special Interest,,Agriculture,-1.754242163576852,0.6606646540283315,0.746,-0.648,-0.165,-0.544,0.038,0.671,-37.281178
2017-01-22 01:59:02,RS0780190,78,Senate,190,1944-06-12,,85,0,"A BILL MAKING APPROPRIATIONS FOR THE STATE, TO MOVE THAT SENATE INSIST ON AMENDMENT TO H.R. 4204.  THE AMENDMENT RELATES TO THE TAKING OF AN AGRICULTURAL CENSUS EVERY FIVE YEARS.",Agriculture,,Budget Special Interest,Government Organization,Agriculture,,,0.0,0.0,0.0,0.0,,,0.0
2017-01-22 01:59:02,RS0780191,78,Senate,191,1944-06-15,,47,21,"TO AMEND H.R. 4879 A BILL MAKING APPROPRIATIONS FOR DEPARTMENT OF LABOR, FEDERAL SECURITY AGENCY, AND RELATED INDEPENDENT AGENCIES, BY INCREASING THE APPROPRIATION FOR STATE UNEMPLOYMENT AGENCIES FROM $25,000,000 TO $31,000,000.",Unemployment/Jobs,,Budget Special Interest,Domestic Social Policy,Social Welfare,-0.4656991711382925,0.5930343149674489,-0.38,0.77,0.031,0.385,0.238,0.765,-35.130425
2017-01-22 01:59:02,RS0780192,78,Senate,192,1944-06-20,,27,54,"TO AMEND, H.R. 4879, A BILL MAKING APPROPRIATIONS FOR WAR AGENCIES, BY STRIKING FROM THE BILL THE PARAGRAPH RELATING TO THE COMMITTEE ON FAIR EMPLOYMENT PRACTICE.",Workplace conditions/8 hour day,,Defense Policy Budget,Domestic Social Policy,Foreign and Defense Policy,-0.10307554314878208,0.5365777855320112,-0.625,0.601,-0.009,-0.505,0.296,0.765,-40.943893
2017-01-22 01:59:02,RS0780193,78,Senate,193,1944-06-20,,30,30,"TO AMEND H.R. 4879, BY ADDING THE FOLLOWING PROVISO:  ""PRO- VIDED, THAT NO PART OF THE FUNDS HEREIN APPROPRIATED SHALL BE USED TO PAY THE COMPENSATION OF ANY PERSON TO INITIATE, INVESTIGATE, OR PROSECUTE ANY COMPLAINT AGAINST ANY DEFENDANT WHERE SUCH DEFNDANT DOES NOT HAVE THE SAME RIGHT TO APPEAL AN ADVERSE DECISION OF THE COMMITTEE ON FAIR EMPLOYMENT PRACTICE TO THE PRESIDENT OF THE UNITED STATES, OR TO REFER SAID COMPLAINT TO THE PRESIDENT OF THE UNITED STATES FOR FINAL DISPOSITION, AS IS ASSERTED BY ...",Workplace conditions/8 hour day,,Domestic Social Policy,,Social Welfare,-2.292052252693185,0.008055255680805562,-0.397,0.918,-0.107,-0.27,0.533,0.767,-31.744377
2017-01-22 01:59:02,RS0780194,78,Senate,194,1944-06-20,,24,36,"TO AMEND H.R. 4879 BY ADDING THE FOLLOWING PROVISO: ""PROVIDED FURTHER, THAT NO PART OF THE FUNDS HEREIN APPROPRIATED SHALL BE USED TO PAY THE COMPENSATION OF ANY PERSON EMPLOYED BY SAID COMMITTEE ON FIAR EMPLOYMENT PRACTICE WHO ISSUES OR ATTEMPTS TO ENFOCE ANY RULE, REGULATION, OR ORDER WHICH REPEALS, AMENDS, OR MODIFIES ANY LAW ENACTED BY CONGRESS.""",Workplace conditions/8 hour day,,Budget Special Interest,Domestic Social Policy,Social Welfare,-1.1849497399380315,0.33453681111456257,-0.235,0.613,-0.084,-0.41,0.458,0.783,-27.719123
2017-01-22 01:59:02,RS0780195,78,Senate,195,1944-06-20,,19,45,"TO AMEND H.R. 4879, BY ADDING THE FOLLOWING PROVIS0: ""PROVIDED THAT NOT MORE THAN 25 PER CENT OF THE PART OF THIS APPROPRIATION WHICH IS USED FOR THE PAYMENT OF COMPEN- SATION FOR PERSONAL SERVICES SHALL BE USED FOR THE PAYMENT OF COMPENSATION OF PERSONSWHO ARE MEMBERS OF ANY RACE COMPRISING LESS THAN 15 PER CENT OF THE TOTAL POPULATION OF THE U.S., ACCORDING TO THE 1940 CENSUS.""",Civil Rights/Desegregation/Busing/Affirmative Action,Minorities (non-black),Budget Special Interest,Domestic Social Policy,Social Welfare,0.18808726030762404,0.5686488272652208,-0.147,0.541,0.016,-0.492,0.421,0.828,-26.286269
2017-01-22 01:59:02,RS0780196,78,Senate,196,1944-06-20,,17,34,"TO AMEND H.R. 4879, BY ADDING THE FOLLOWING PROVISO: ""PROVIDED THAT THE COMMITTEE ON FAIR EMPLOYMENT PRACTICE SHALL MAKE A STUDY OF WAGES PAYABLE IN PLANTS OWNED OR OPERATED BY ANY AGENCY OR DEPARTMENT OF THE GOVERNMENT, AND IN THE EVENT IT FINDS THERE I ANY DISCRIMINATION IN WAGES PAID IN SUCH PLANTS AS BETWEEN DIFFERENT SECTIONS OR AREAS OF THE COUNTRY, THE COMMITTEE SHALL SO ADVISE THE DEPARTMENTS OR AGENCIES CONCERNED AND IT SHALL THEREUPON BE THE DUTY OF SUCH DEPARTMENTS OR AGENCIES TO REMOVE SUCH D...",Workplace conditions/8 hour day,,Budget Special Interest,Domestic Social Policy,Social Welfare,1.14925314205987,0.5763283016377475,-0.096,0.466,0.215,-1.082,0.588,0.863,-12.206637
2017-01-22 01:59:02,RS0780197,78,Senate,197,1944-08-11,,14,74,"TO RECOMMIT S. 2051, EXTENSION OF UMEMPLOYMENT COMPENSATION.",Unemployment/Jobs,,Budget Special Interest,Domestic Social Policy,Social Welfare,-2.4556420521727227,-1.4799509786432354,-0.204,-0.979,0.076,0.179,-0.143,0.818,-37.363608
2017-01-22 01:59:02,RS0780198,78,Senate,198,1944-08-11,,56,32,"TO AMEND S2051, EXTENSION OF UNEMPLOYMENT COMPENSATION, BY PROVIDING THAT NOTHING IN THE SECTION SHALL TO ANY EXTENT AFFECT, AMEND, OR MODIFY THE POWERS NOW VESTED IN THE VETERANS' ADMINISTRATION OR THE ADMINISTRATOR OF VETERANS' AFFAIRS.",Unemployment/Jobs,Military Pensions/Veterans Benefits,Budget Special Interest,Domestic Social Policy,Social Welfare,14.715447267675284,2.471414660636017,-0.234,-0.972,-0.201,0.079,0.375,0.773,-38.263723
2017-01-22 01:59:02,RS0780199,78,Senate,199,1944-08-11,,62,21,"TO PASS S. 2051, A BILL PROVIDING FOR EXTENSION OF UNEMPLOYMENT COMPENSATION.",Unemployment/Jobs,,Budget Special Interest,Domestic Social Policy,Social Welfare,4.659489066891876,1.4418521974425595,-0.485,-0.818,-0.315,0.391,0.333,0.831,-28.374319
2017-01-22 01:59:02,RS0780200,78,Senate,200,1944-08-25,,18,31,"TO AMEND S. 2065, DISPOSAL OF SURPLUS GOVERNMENT PROPERTY, BY PROVIDING FOR A LIMITATION OF PROFITS ON THE RESALE OF SURPLUS GOODS THAT ARE OBTAINED FROM THE GOVERNMENT.",,,Budget Special Interest,,Government Management,1.1340555400900862,0.48056600501081204,0.324,0.848,0.12,-0.612,0.722,0.898,-17.568381
2017-01-22 01:59:02,RS0780201,78,Senate,201,1944-09-12,,37,18,"TO CONSIDER S. 2105, A BILL TO PROVIDE FEDERAL AID FOR POST-WAR HIGHWAY CONSTRUCTION.",Public Works,,Budget Special Interest,,Government Management,3.3150379629218736,-0.7283556453696719,0.017,-0.672,0.094,-0.164,0.333,0.782,-27.576718
2017-01-22 01:59:02,RS0780202,78,Senate,202,1944-09-15,,30,29,"TO AMEND S. 2105, BY STRIKING A PROVISION STIPULATING THAT THE COMMISSIONER OF PUBLIC ROADS ""IS HEREBY DIRECTED TO CONCUR ONLY IN SUCH INSTALLATIONS AS WILL PROMOTE THE SAFE AND EFFICIENT UTILIZATION OF THE HIGHWAYS.""  THIS MATTER RELATES TO THE PROVISIO FOR A 50-50 MATCHING OF FUNDS BETWEEN THE FEDERAL AND STATE GOVERNMENTS.",Public Works,,Budget Special Interest,,Government Management,7.9525644748817275,-0.08790512894976345,0.002,-0.072,0.253,-0.184,0.793,0.898,-15.557171
2017-01-22 01:59:02,RS0780203,78,Senate,203,1944-09-15,,8,48,"TO AMEND S. 2105, WHICH ELIMINATES THE COST OF RIGHTS-OF-WAY FROM THE URBAN PROGRAM WHICH IS CONTEMPLATED UNDER THE PENDING BILL.",Public Works,,Budget Special Interest,,Government Management,2.2740797935490673,-1.2509710166710446,0.113,-0.994,-0.127,0.323,0.25,0.893,-17.616029
2017-01-22 01:59:02,RS0780204,78,Senate,204,1944-11-24,,31,44,"TO AMEND H.R. 4485, BY PLACING SEVERAL RESTRICTIONS ON THE SALE AND DISTRIBUTION OF PUBLICLY GENERATED ELECTRICITY.",Energy,,Regulation General Interest,,Government Management,2.144194767506914,-0.15949250871709206,-0.059,-0.286,-0.076,0.205,0.355,0.733,-39.749194
2017-01-22 01:59:02,RS0780205,78,Senate,205,1944-11-28,,52,26,CONFIRMATION OF NOMINATING OF GUY MASON AS COMMISSIONER OF THE D. OF C.,,,Government Organization,D. C.,Government Management,4.091420376302788,-0.3773586232188684,0.168,0.31,0.191,-0.27,0.769,0.922,-20.681447
2017-01-22 01:59:02,RS0780206,78,Senate,206,1944-11-30,,88,1,"CONFIRMATION OF NOMINATION OF EDWARD R. STETINIUS, JR. AS SECRETARY OF STATE.",,,Foreign Policy Resolutions,,Foreign and Defense Policy,,,0.0,0.0,0.0,0.0,,,0.0
2017-01-22 01:59:02,RS0780207,78,Senate,207,1944-12-04,,34,38,"TO AMEND H.R. 3961, RIVER AND HARBOR IMPROVEMENTS, BY AUTHORIZING THE ""WATERWAY CONNECTING THE TOMBIGBEE AND TENNESSEE RIVERS; IN ACCORDANCE WITH THE RECOMMENDATION OF THE BOARD OF ENGINEERS FOR RIVERS AND HARBORS IN THE REPORT SUBMITTED IN HOUSE DOCUMEN NO",Public Works,,Budget Special Interest,,Government Management,1.2704044142743278,0.2814606607759148,0.394,0.782,0.114,-0.519,0.606,0.817,-28.637558
2017-01-22 01:59:02,RS0780208,78,Senate,208,1944-12-06,,17,58,"TO AMEND H.R. 3961, RIVER AND HARBOR IMPROVEMENTS, BY AUTHORIZING THE WATERWAY CONNECTING THE BEAVER AND MAHONING RIVERS, PA. OHIO; FROM THE OHIO RIVER TO STRUTHERS IN ACCORDANCE WITH THE RECOMMENDATIONS OF THE CHIEF OF ENGINEERS FOR THIS SECTION OF WATEWAYS, IN THE REPORT SUBMITTED IN HOUSE DOCUMENT NO",Public Works,,Budget Special Interest,,Government Management,-2.329539088601719,1.7380319073903896,0.343,0.939,-0.058,-0.144,0.0,0.77,-38.953402
2017-01-22 01:59:02,RS0780209,78,Senate,209,1944-12-06,,38,31,"CONSIDERATION OF NOMINATIONS OF JOSEPH C. CREW, W.L. CLAYTON, NELSON A. ROCKEFELLER, AND ARCHIBALD MACLEISH TO THE COMMITTEE ON FOREIGN RELATIONS FOR FURTHER CONSIDERA- TION AND FOR THE PRESENTATION OF TESTIMONY BY THESE FOUR PERSONS.",,,Foreign Policy Resolutions,,Foreign and Defense Policy,-1.4088459209580684,0.025627939286218315,0.591,-0.807,-0.038,-0.156,0.097,0.588,-44.042501
2017-01-22 01:59:02,RS0780210,78,Senate,210,1944-12-08,,56,24,"TO PASS H.R. 5564, FREEZING OF PAY-ROLL TAXES AT 1 PER CENT, A BILL TO FIX THE RATE OF TAX UNDER THE FEDERAL INSURANCE CONTRIBUTIONS ACT ON EMPLOYER AND EMPLOYEES FOR THE CALENDAR YEAR 1945.",Tax rates,,Budget General Interest,,Government Management,34.142388244067014,6.001924507294789,-0.161,0.505,-0.183,0.031,0.458,0.835,-28.944975
2017-01-22 01:59:02,RS0780211,78,Senate,211,1944-12-12,,27,58,"TO AMEND H.R. 3961, RIVER AND HARBOR IMPROVEMENTS, BY AUTHORIZING UNITED STATES PARTICIPATION IN THE ST. LAWRENCE SEAWAY PROJECT.",Public Works,,Budget Special Interest,Foreign Policy Budget,Government Management,5.164002905767356,4.976706865086613,-0.986,-0.115,0.05,-0.056,0.0,0.679,-51.449112
2017-01-22 01:59:02,RS0780212,78,Senate,212,1944-12-14,,27,57,"TO AMEND H.R. 4911, CROP INSURANCE, BY ADDING THE FOLLOWING PROVISO:  ""THE FIRST SENTENCE OF THE TWELFTH PARAGRAPH OF SECTION 19 OF THE FEDERAL RESERVE ACT, AS AMENDED (RELATING TO THE PAYMENT OF INTEREST BY MEMBERS BANKS ON DEMAND DEPOSITS), IS AMENDED Y INSERTING BEFORE THE PERIOD AT THE END THEREOF A COLON AND THE FOLLOWING:  ""PROVIDED FURTHER, THAT THIS PARAGRAPH SHALL NOT BE DEEMED TO PROHIBIT THE ABSORPTION OF EXCHANGE OR COLLECTION CHARGES BY MEMBER BANKS.""  THIS AMENDMENT WAS DESIGNED TO UNDERMIN...",Agriculture,Banking and Finance,Budget Special Interest,,Agriculture,1.1053261330744704,0.5875589369325757,-0.518,0.015,0.129,-0.675,0.423,0.819,-32.489418
2017-01-22 01:59:02,RS0780213,78,Senate,213,1944-12-16,,53,34,"CONSIDERATION OF NOMINATION OF ROBERT A. HURLEY, OF CONN., TO BE A MEMBER OF THE SURPLUS PROPERTY BOARD.",,,Government Organization,,Government Management,6.229688679554569,-0.2778405471493983,-0.066,-0.689,0.433,-0.402,0.824,0.93,-12.34384
2017-01-22 01:59:02,RS0780214,78,Senate,214,1944-12-16,,56,30,"CONSIDERATION OF NOMINATION OF EDWARD HELLER, OF CALIFORNIA, TO BE A MEMBER OF THE SURPLUS PROPERTY BOARD.",,,Government Organization,,Government Management,6.044209527182837,-0.7734651622454667,0.101,-0.163,0.232,-0.222,0.833,0.941,-18.940618
2017-01-22 01:59:02,RS0780215,78,Senate,215,1944-12-19,,82,8,CONSIDERATION OF NOMINATION OF JOSEPH C. CREW TO BE UNDER SECRETARY OF STATE.,,,Foreign Policy Resolutions,,Foreign and Defense Policy,-37.8163905099271,-21.70864756147976,-0.552,-0.834,-0.17,-0.026,0.125,0.921,-23.452513
2017-01-22 01:59:02,RS0780216,78,Senate,216,1944-12-19,,79,11,"CONSIDERATION OF NOMINATION OF NELSON A. ROCKEFELLER, OF NEW YORK, TO BE ASSISTANT SECRETARY OF STATE.",,,Foreign Policy Resolutions,,Foreign and Defense Policy,13.138243442228848,6.944563630915019,-0.59,-0.807,-0.184,0.081,0.1,0.899,-27.239328
2017-01-22 01:59:02,RS0780217,78,Senate,217,1944-12-19,,66,24,CONSIDERATION OF NOMINATION OF W.L. CLAYTON TO BE ASSISTANT SECRETARY OF STATE.,,,Foreign Policy Resolutions,,Foreign and Defense Policy,12.345939254711494,5.0870886600256515,-0.483,-0.876,-0.111,0.052,0.208,0.789,-47.206596
2017-01-22 01:59:02,RS0780218,78,Senate,218,1944-12-19,,78,11,CONSIDERATION OF NOMINATION OF JAMES C. DUNN TO BE ASSISTANT SECRETARY OF STATE.,,,Foreign Policy Resolutions,,Foreign and Defense Policy,-19.454207310454475,-10.158656887086783,-0.477,-0.879,-0.148,-0.044,0.091,0.888,-30.079134
2017-01-22 01:59:02,RS0780219,78,Senate,219,1944-12-19,,76,11,"CONSIDERATION OF NOMINATION OF BRIG. GEN. JULIUS C. HOLMES, OF KANSAS, TO BE ASSISTANT SECRETARY OF STATE.",,,Foreign Policy Resolutions,,Foreign and Defense Policy,-5.935885445366266,-2.8140986551894027,-0.326,-0.879,-0.156,-0.152,0.091,0.885,-25.373443
2017-01-22 01:59:02,RS0780220,78,Senate,220,1944-12-19,,59,29,CONSIDERATION OF NOMINATION OF ARCHIBALD MACLEISH TO BE ASSISTANT SECRETARY OF STATE.,,,Foreign Policy Resolutions,,Foreign and Defense Policy,27.824205926858927,-4.192236037200312,0.175,0.677,0.178,-0.037,0.483,0.83,-31.668633
