date_generated,id,icpsr,bioname,congress,chamber,cqlabel,state,state_abbrev,district_code,party_code,party_noun,dim1,dim2,geo_mean_probability,number_of_errors,number_of_votes,log_likelihood
2017-01-10 02:15:54,MH06591449,91449,"CAMPBELL, Guy Edgar",65,House,(PA-32),Pennsylvania,PA,32,100,,-0.043,-0.594,0.699,22,154,-55.04424
2017-01-10 02:15:54,MH06510467,10467,"ZIHLMAN, Frederick Nicholas",65,House,(MD-06),Maryland,MD,6,200,,0.286,0.235,0.712,26,147,-49.96216
2017-01-10 02:15:54,MH06510443,10443,"YOUNG, James",65,House,(TX-03),Texas,TX,3,100,,-0.477,0.395,0.794,18,190,-43.78729
2017-01-10 02:15:54,MH06510439,10439,"YOUNG, George Morley",65,House,(ND-02),North Dakota,ND,2,200,,0.399,0.609,0.686,41,196,-73.9448
2017-01-10 02:15:54,MH06510401,10401,"WRIGHT, William Carter",65,House,(GA-04),Georgia,GA,4,100,,-0.329,0.482,0.817,10,139,-28.08716
2017-01-10 02:15:54,MH06510367,10367,"WOODYARD, Harry Chapman",65,House,(WV-04),West Virginia,WV,4,200,,0.384,0.204,0.665,34,156,-63.73851
2017-01-10 02:15:54,MH06510353,10353,"WOODS, James Pleasant",65,House,(VA-06),Virginia,VA,6,100,,-0.303,0.188,0.723,43,257,-83.18012
2017-01-10 02:15:54,MH06510351,10351,"WOODS, Frank Plowman",65,House,(IA-10),Iowa,IA,10,200,,0.382,0.768,0.715,20,159,-53.35487
2017-01-10 02:15:54,MH06510336,10336,"WOOD, William Robert",65,House,(IN-10),Indiana,IN,10,200,,0.58,0.19,0.717,25,165,-54.93173
2017-01-10 02:15:54,MH06510287,10287,"WISE, James Walter",65,House,(GA-06),Georgia,GA,6,100,,-0.459,0.602,0.725,20,149,-47.9331
2017-01-10 02:15:54,MH06510277,10277,"WINSLOW, Samuel Ellsworth",65,House,(MA-04),Massachusetts,MA,4,200,,0.543,-0.84,0.749,23,146,-42.19231
2017-01-10 02:15:54,MH06510274,10274,"WINGO, Otis Theodore",65,House,(AR-04),Arkansas,AR,4,100,,-0.272,0.751,0.74,27,195,-58.73641
2017-01-10 02:15:54,MH06510263,10263,"WILSON, William Warfield",65,House,(IL-03),Illinois,IL,3,200,,0.418,0.226,0.708,23,154,-53.2022
2017-01-10 02:15:54,MH06510247,10247,"WILSON, Riley Joseph",65,House,(LA-05),Louisiana,LA,5,100,,-0.313,0.353,0.781,21,183,-45.29817
2017-01-10 02:15:54,MH06510233,10233,"WILSON, James Clifton",65,House,(TX-12),Texas,TX,12,100,,-0.526,-0.183,0.776,17,181,-45.94694
2017-01-10 02:15:54,MH06510184,10184,"WILLIAMS, Thomas Sutler",65,House,(IL-24),Illinois,IL,24,200,,0.386,0.471,0.685,29,174,-65.81053
2017-01-10 02:15:54,MH06510047,10047,"WHITE, Wallace Humphrey, Jr.",65,House,(ME-02),Maine,ME,2,200,,0.323,-0.31,0.742,27,187,-55.74057
2017-01-10 02:15:54,MH06510023,10023,"WHITE, George",65,House,(OH-15),Ohio,OH,15,100,,-0.147,0.146,0.729,21,128,-40.4565
2017-01-10 02:15:54,MH06509993,9993,"WHEELER, Loren Edgar",65,House,(IL-21),Illinois,IL,21,200,,0.389,0.381,0.688,38,209,-78.23541
2017-01-10 02:15:54,MH06509974,9974,"WHALEY, Richard Smith",65,House,(SC-01),South Carolina,SC,1,100,,-0.448,0.021,0.788,15,184,-43.7263
2017-01-10 02:15:54,MH06509949,9949,"WELTY, Benjamin Franklin",65,House,(OH-04),Ohio,OH,4,100,,-0.278,0.131,0.705,32,201,-70.348
2017-01-10 02:15:54,MH06509938,9938,"WELLING, Milton Holmes",65,House,(UT-01),Utah,UT,1,100,,-0.155,0.39,0.691,31,178,-65.91395
2017-01-10 02:15:54,MH06509898,9898,"WEBB, Edwin Yates",65,House,(NC-09),North Carolina,NC,9,100,,-0.473,0.404,0.79,12,143,-33.70039
2017-01-10 02:15:54,MH06509897,9897,"WEAVER, Zebulon",65,House,(NC-10),North Carolina,NC,10,100,,-0.271,0.524,0.787,18,183,-43.84128
2017-01-10 02:15:54,MH06509878,9878,"WATSON, Walter Allen",65,House,(VA-04),Virginia,VA,4,100,,-0.406,0.042,0.62,30,169,-80.79589
2017-01-10 02:15:54,MH06509873,9873,"WATSON, Henry Winfield",65,House,(PA-08),Pennsylvania,PA,8,200,,0.471,-0.519,0.715,33,153,-51.28964
2017-01-10 02:15:54,MH06509867,9867,"WATKINS, John Thomas",65,House,(LA-04),Louisiana,LA,4,100,,-0.389,0.157,0.789,18,200,-47.39992
2017-01-10 02:15:54,MH06509861,9861,"WASON, Edward Hills",65,House,(NH-02),New Hampshire,NH,2,200,,0.559,-0.086,0.783,17,182,-44.53839
2017-01-10 02:15:54,MH06509810,9810,"WARD, Charles Bonnell",65,House,(NY-27),New York,NY,27,200,,0.533,-0.727,0.716,21,127,-42.46442
2017-01-10 02:15:54,MH06509799,9799,"WALTON, William Bell",65,House,(NM-01),New Mexico,NM,1,100,,-0.152,0.312,0.758,19,190,-52.53538
2017-01-10 02:15:54,MH06509785,9785,"WALSH, Joseph",65,House,(MA-16),Massachusetts,MA,16,200,,0.837,-0.547,0.56,59,205,-118.78665
2017-01-10 02:15:54,MH06509748,9748,"WALKER, John Randall",65,House,(GA-11),Georgia,GA,11,100,,-0.46,0.227,0.776,13,144,-36.55648
2017-01-10 02:15:54,MH06509729,9729,"WALDOW, William Frederick",65,House,(NY-42),New York,NY,42,200,,0.447,-0.366,0.692,29,152,-55.94249
2017-01-10 02:15:54,MH06509683,9683,"VOLSTEAD, Andrew John",65,House,(MN-07),Minnesota,MN,7,200,,0.397,0.625,0.642,40,197,-87.43625
2017-01-10 02:15:54,MH06509680,9680,"VOIGT, Edward",65,House,(WI-02),Wisconsin,WI,2,200,,0.273,0.735,0.588,30,164,-87.08704
2017-01-10 02:15:54,MH06509677,9677,"VINSON, Carl",65,House,(GA-10),Georgia,GA,10,100,,-0.213,0.724,0.759,27,200,-55.10979
2017-01-10 02:15:54,MH06509666,9666,"VESTAL, Albert Henry",65,House,(IN-08),Indiana,IN,8,200,,0.47,0.108,0.794,18,200,-46.23321
2017-01-10 02:15:54,MH06509661,9661,"VENABLE, William Webb",65,House,(MS-05),Mississippi,MS,5,100,,-0.464,0.295,0.768,17,179,-47.2135
2017-01-10 02:15:54,MH06509647,9647,"VARE, William Scott",65,House,(PA-01),Pennsylvania,PA,1,200,,0.421,-0.745,0.757,10,80,-22.28762
2017-01-10 02:15:54,MH06509610,9610,"VAN DYKE, Carl Chester",65,House,(MN-04),Minnesota,MN,4,100,,-0.097,0.308,0.686,26,138,-52.07601
2017-01-10 02:15:54,MH06509460,9460,"TREADWAY, Allen Towner",65,House,(MA-01),Massachusetts,MA,1,200,,0.412,-0.47,0.753,17,164,-46.498
2017-01-10 02:15:54,MH06509430,9430,"TOWNER, Horace Mann",65,House,(IA-08),Iowa,IA,8,200,,0.462,0.283,0.711,26,178,-60.69776
2017-01-10 02:15:54,MH06509395,9395,"TINKHAM, George Holden",65,House,(MA-11),Massachusetts,MA,11,200,,0.504,-0.793,0.703,31,150,-52.83048
2017-01-10 02:15:54,MH06509393,9393,"TIMBERLAKE, Charles Bateman",65,House,(CO-02),Colorado,CO,2,200,,0.438,0.155,0.764,20,207,-55.77629
2017-01-10 02:15:54,MH06509391,9391,"TILSON, John Quillin",65,House,(CT-03),Connecticut,CT,3,200,,0.499,-0.867,0.739,26,164,-49.64805
2017-01-10 02:15:54,MH06509388,9388,"TILLMAN, John Newton",65,House,(AR-03),Arkansas,AR,3,100,,-0.248,0.765,0.79,17,205,-48.34108
2017-01-10 02:15:54,MH06509332,9332,"THOMPSON, Joseph Bryan",65,House,(OK-05),Oklahoma,OK,5,100,,-0.116,0.993,0.68,32,177,-68.24628
2017-01-10 02:15:54,MH06509309,9309,"THOMAS, Robert Young, Jr.",65,House,(KY-03),Kentucky,KY,3,100,,-0.233,0.973,0.623,32,154,-72.9699
2017-01-10 02:15:54,MH06509251,9251,"TEMPLETON, Thomas Weir",65,House,(PA-11),Pennsylvania,PA,11,200,,0.49,-0.464,0.713,10,56,-18.94883
2017-01-10 02:15:54,MH06509249,9249,"TEMPLE, Henry Wilson",65,House,(PA-24),Pennsylvania,PA,24,200,,0.428,-0.088,0.709,33,197,-67.66591
2017-01-10 02:15:54,MH06509231,9231,"TAYLOR, Samuel Mitchell",65,House,(AR-06),Arkansas,AR,6,100,,-0.349,0.657,0.779,17,175,-43.72836
2017-01-10 02:15:54,MH06509205,9205,"TAYLOR, Edward Thomas",65,House,(CO-04),Colorado,CO,4,100,,-0.119,0.654,0.713,26,165,-55.90349
2017-01-10 02:15:54,MH06509163,9163,"TALBOTT, Joshua Frederick Cockey",65,House,(MD-02),Maryland,MD,2,100,,-0.3,-0.479,0.827,3,82,-15.56367
2017-01-10 02:15:54,MH06509156,9156,"TAGUE, Peter Francis",65,House,(MA-10),Massachusetts,MA,10,100,,-0.366,-0.832,0.672,25,147,-58.40856
2017-01-10 02:15:54,MH06509131,9131,"SWITZER, Robert Mauck",65,House,(OH-10),Ohio,OH,10,200,,0.384,0.212,0.714,22,151,-50.82409
2017-01-10 02:15:54,MH06509126,9126,"SWIFT, Oscar William",65,House,(NY-09),New York,NY,9,200,,0.271,-0.963,0.779,14,118,-29.40348
2017-01-10 02:15:54,MH06509116,9116,"SWEET, Burton Erwin",65,House,(IA-03),Iowa,IA,3,200,,0.4,0.574,0.785,15,193,-46.73035
2017-01-10 02:15:54,MH06509087,9087,"SUMNERS, Hatton William",65,House,(TX-05),Texas,TX,5,100,,-0.184,0.813,0.726,24,172,-55.03793
2017-01-10 02:15:54,MH06509078,9078,"SULLOWAY, Cyrus Adams",65,House,(NH-01),New Hampshire,NH,1,200,,0.433,-0.137,0.6,30,115,-58.77144
2017-01-10 02:15:54,MH06509066,9066,"SULLIVAN, Christopher Daniel",65,House,(NY-13),New York,NY,13,100,,-0.559,-0.827,0.7,12,64,-22.84289
2017-01-10 02:15:54,MH06509034,9034,"STRONG, Nathan Leroy",65,House,(PA-27),Pennsylvania,PA,27,200,,0.428,-0.072,0.751,22,153,-43.74515
2017-01-10 02:15:54,MH06508953,8953,"STINESS, Walter Russell",65,House,(RI-02),Rhode Island,RI,2,200,,0.456,-0.406,0.774,13,176,-45.17112
2017-01-10 02:15:54,MH06508923,8923,"STEVENSON, William Francis",65,House,(SC-05),South Carolina,SC,5,100,,-0.436,0.503,0.748,17,149,-43.29464
2017-01-10 02:15:54,MH06508900,8900,"STERLING, John Allen",65,House,(IL-17),Illinois,IL,17,200,,0.47,0.166,0.621,32,139,-66.23759
2017-01-10 02:15:54,MH06508899,8899,"STERLING, Bruce Foster",65,House,(PA-23),Pennsylvania,PA,23,100,,-0.176,0.027,0.771,9,119,-30.98752
2017-01-10 02:15:54,MH06508888,8888,"STEPHENS, Hubert Durrett",65,House,(MS-02),Mississippi,MS,2,100,,-0.56,-0.045,0.623,41,194,-91.65232
2017-01-10 02:15:54,MH06508887,8887,"STEPHENS, Dan Voorhees",65,House,(NE-03),Nebraska,NE,3,100,,-0.222,0.186,0.8,9,118,-26.30686
2017-01-10 02:15:54,MH06508877,8877,"STEENERSON, Halvor",65,House,(MN-09),Minnesota,MN,9,200,,0.366,0.589,0.678,35,174,-67.52521
2017-01-10 02:15:54,MH06508868,8868,"STEELE, Henry Joseph",65,House,(PA-26),Pennsylvania,PA,26,100,,-0.371,-0.537,0.782,12,140,-34.41584
2017-01-10 02:15:54,MH06508864,8864,"STEDMAN, Charles Manly",65,House,(NC-05),North Carolina,NC,5,100,,-0.361,0.278,0.804,13,157,-34.2178
2017-01-10 02:15:54,MH06508858,8858,"STEAGALL, Henry Bascom",65,House,(AL-03),Alabama,AL,3,100,,-0.328,0.945,0.757,22,201,-55.83649
2017-01-10 02:15:54,MH06508823,8823,"STAFFORD, William Henry",65,House,(WI-05),Wisconsin,WI,5,200,,0.317,0.325,0.381,82,187,-180.35336
2017-01-10 02:15:54,MH06508733,8733,"SNYDER, Homer Peter",65,House,(NY-33),New York,NY,33,200,,0.456,-0.743,0.696,20,122,-44.18051
2017-01-10 02:15:54,MH06508726,8726,"SNOOK, John Stout",65,House,(OH-05),Ohio,OH,5,100,,-0.232,0.568,0.672,43,199,-79.11763
2017-01-10 02:15:54,MH06508721,8721,"SNELL, Bertrand Hollis",65,House,(NY-31),New York,NY,31,200,,0.513,-0.194,0.714,22,156,-52.53585
2017-01-10 02:15:54,MH06508689,8689,"SMITH, Thomas Francis",65,House,(NY-15),New York,NY,15,100,,-0.277,-0.961,0.78,10,100,-24.90744
2017-01-10 02:15:54,MH06508654,8654,"SMITH, John M. C.",65,House,(MI-03),Michigan,MI,3,200,,0.354,0.196,0.708,28,189,-65.31806
2017-01-10 02:15:54,MH06508605,8605,"SMITH, Charles Bennett",65,House,(NY-41),New York,NY,41,100,,-0.237,-0.689,0.735,21,120,-36.94636
2017-01-10 02:15:54,MH06508598,8598,"SMITH, Addison Taylor",65,House,(ID-00),Idaho,ID,98,200,,0.361,0.152,0.717,26,181,-60.3203
2017-01-10 02:15:54,MH06508588,8588,"SMALL, John Humphrey",65,House,(NC-01),North Carolina,NC,1,100,,-0.404,-0.081,0.732,25,165,-51.42866
2017-01-10 02:15:54,MH06508579,8579,"SLOAN, Charles Henry",65,House,(NE-04),Nebraska,NE,4,200,,0.4,0.434,0.717,26,171,-56.91175
2017-01-10 02:15:54,MH06508574,8574,"SLEMP, Campbell Bascom",65,House,(VA-09),Virginia,VA,9,200,,0.326,-0.049,0.653,24,125,-53.30504
2017-01-10 02:15:54,MH06508570,8570,"SLAYDEN, James Luther",65,House,(TX-14),Texas,TX,14,100,,-0.4,0.017,0.544,38,139,-84.71021
2017-01-10 02:15:54,MH06508551,8551,"SISSON, Thomas Upton",65,House,(MS-04),Mississippi,MS,4,100,,-0.453,0.892,0.639,32,177,-79.40116
2017-01-10 02:15:54,MH06508546,8546,"SINNOTT, Nicholas John",65,House,(OR-02),Oregon,OR,2,200,,0.34,0.279,0.716,33,199,-66.55302
2017-01-10 02:15:54,MH06508537,8537,"SIMS, Thetus Willrette",65,House,(TN-08),Tennessee,TN,8,100,,-0.422,0.251,0.748,24,172,-49.83154
2017-01-10 02:15:54,MH06508505,8505,"SIEGEL, Isaac",65,House,(NY-20),New York,NY,20,200,,0.245,-0.925,0.709,23,137,-47.03083
2017-01-10 02:15:54,MH06508490,8490,"SHOUSE, Jouett",65,House,(KS-07),Kansas,KS,7,100,,-0.127,0.522,0.63,35,155,-71.54017
2017-01-10 02:15:54,MH06508463,8463,"SHERWOOD, Isaac R.",65,House,(OH-09),Ohio,OH,9,100,,-0.103,0.292,0.508,54,170,-115.07778
2017-01-10 02:15:54,MH06508452,8452,"SHERLEY, Joseph Swagar",65,House,(KY-05),Kentucky,KY,5,100,,-0.396,-0.436,0.614,31,144,-70.28905
2017-01-10 02:15:54,MH06508395,8395,"SHALLENBERGER, Ashton Cokayne",65,House,(NE-05),Nebraska,NE,5,100,,-0.074,0.903,0.731,22,180,-56.3624
2017-01-10 02:15:54,MH06508390,8390,"SHACKLEFORD, Dorsey William",65,House,(MO-08),Missouri,MO,8,100,,-0.311,0.619,0.739,11,104,-31.42587
2017-01-10 02:15:54,MH06508356,8356,"SELLS, Sam Riley",65,House,(TN-01),Tennessee,TN,1,200,,0.402,0.427,0.634,36,160,-73.02076
2017-01-10 02:15:54,MH06508335,8335,"SEARS, William Joseph",65,House,(FL-04),Florida,FL,4,100,,-0.347,0.373,0.743,15,120,-35.6512
2017-01-10 02:15:54,MH06508330,8330,"SCULLY, Thomas Joseph",65,House,(NJ-03),New Jersey,NJ,3,100,,-0.243,-0.623,0.659,17,91,-37.95636
2017-01-10 02:15:54,MH06508307,8307,"SCOTT, John Roger Kirkpatrick",65,House,(PA-00),Pennsylvania,PA,99,200,,0.214,-0.486,0.72,3,44,-14.45724
2017-01-10 02:15:54,MH06508297,8297,"SCOTT, George Cromwell",65,House,(IA-11),Iowa,IA,11,200,,0.442,0.222,0.685,25,151,-57.13845
2017-01-10 02:15:54,MH06508296,8296,"SCOTT, Frank Douglas",65,House,(MI-11),Michigan,MI,11,200,,0.38,0.168,0.732,24,195,-60.8678
2017-01-10 02:15:54,MH06508254,8254,"SCHALL, Thomas David",65,House,(MN-10),Minnesota,MN,10,370,,0.322,0.594,0.596,35,142,-73.57666
2017-01-10 02:15:54,MH06508227,8227,"SAUNDERS, Edward Watts",65,House,(VA-05),Virginia,VA,5,100,,-0.34,0.372,0.704,22,154,-54.13155
2017-01-10 02:15:54,MH06508212,8212,"SANFORD, Rollin Brewster",65,House,(NY-28),New York,NY,28,200,,0.416,-0.909,0.645,41,158,-69.33183
2017-01-10 02:15:54,MH06508197,8197,"SANDERS, Jared Young",65,House,(LA-06),Louisiana,LA,6,100,,-0.342,0.368,0.795,12,135,-30.93606
2017-01-10 02:15:54,MH06508196,8196,"SANDERS, Everett",65,House,(IN-05),Indiana,IN,5,200,,0.464,-0.002,0.789,14,192,-45.5027
2017-01-10 02:15:54,MH06508195,8195,"SANDERS, Archie Dovell",65,House,(NY-39),New York,NY,39,200,,0.459,-0.074,0.701,23,149,-52.88981
2017-01-10 02:15:54,MH06508163,8163,"SABATH, Adolph Joachim",65,House,(IL-05),Illinois,IL,5,100,,-0.469,-0.359,0.608,31,145,-72.12261
2017-01-10 02:15:54,MH06508135,8135,"RUSSELL, Joseph James",65,House,(MO-14),Missouri,MO,14,100,,-0.305,0.352,0.773,14,123,-31.74744
2017-01-10 02:15:54,MH06508103,8103,"RUCKER, William Waller",65,House,(MO-02),Missouri,MO,2,100,,-0.367,0.487,0.754,25,151,-42.58702
2017-01-10 02:15:54,MH06508100,8100,"RUBEY, Thomas Lewis",65,House,(MO-16),Missouri,MO,16,100,,-0.203,0.678,0.789,20,200,-47.47874
2017-01-10 02:15:54,MH06508096,8096,"ROWLAND, Charles Hedding",65,House,(PA-21),Pennsylvania,PA,21,200,,0.645,-0.329,0.697,8,46,-16.59489
2017-01-10 02:15:54,MH06508092,8092,"ROWE, Frederick William",65,House,(NY-06),New York,NY,6,200,,0.522,-0.601,0.731,29,166,-52.00992
2017-01-10 02:15:54,MH06508083,8083,"ROUSE, Arthur Blythe",65,House,(KY-06),Kentucky,KY,6,100,,-0.408,0.21,0.793,18,189,-43.93554
2017-01-10 02:15:54,MH06508060,8060,"ROSE, John Marshall",65,House,(PA-19),Pennsylvania,PA,19,200,,0.386,0.115,0.734,28,178,-55.10199
2017-01-10 02:15:54,MH06508047,8047,"ROMJUE, Milton Andrew",65,House,(MO-01),Missouri,MO,1,100,,-0.272,0.766,0.781,19,211,-52.18952
2017-01-10 02:15:54,MH06508031,8031,"ROGERS, John Jacob",65,House,(MA-05),Massachusetts,MA,5,200,,0.484,-0.573,0.708,28,191,-65.85012
2017-01-10 02:15:54,MH06508007,8007,"RODENBERG, William August",65,House,(IL-22),Illinois,IL,22,200,,0.378,-0.332,0.678,27,154,-59.73295
2017-01-10 02:15:54,MH06507987,7987,"ROBINSON, Leonidas Dunlap",65,House,(NC-07),North Carolina,NC,7,100,,-0.418,0.413,0.798,7,144,-32.43731
2017-01-10 02:15:54,MH06507950,7950,"ROBERTS, Edwin Ewing",65,House,(NV-01),Nevada,NV,1,200,,0.332,0.114,0.658,25,143,-59.95198
2017-01-10 02:15:54,MH06507941,7941,"ROBBINS, Edward Everett",65,House,(PA-22),Pennsylvania,PA,22,200,,0.368,0.056,0.645,36,156,-68.52518
2017-01-10 02:15:54,MH06507911,7911,"RIORDAN, Daniel Joseph",65,House,(NY-11),New York,NY,11,100,,-0.367,-0.93,0.829,8,115,-21.61934
2017-01-10 02:15:54,MH06507794,7794,"REED, Stuart Felix",65,House,(WV-03),West Virginia,WV,3,200,,0.429,0.22,0.733,23,176,-54.70573
2017-01-10 02:15:54,MH06507772,7772,"REAVIS, Charles Frank",65,House,(NE-01),Nebraska,NE,1,200,,0.385,0.592,0.751,18,151,-43.21736
2017-01-10 02:15:54,MH06507753,7753,"RAYBURN, Samuel Taliaferro",65,House,(TX-04),Texas,TX,4,100,,-0.395,0.515,0.679,30,180,-69.65322
2017-01-10 02:15:54,MH06507730,7730,"RANKIN, Jeannette",65,House,(MT-00),Montana,MT,98,200,,0.367,0.221,0.662,30,174,-71.89887
2017-01-10 02:15:54,MH06507712,7712,"RANDALL, Charles Hiram",65,House,(CA-09),California,CA,9,347,,0.028,0.598,0.637,42,185,-83.56196
2017-01-10 02:15:54,MH06507708,7708,"RAMSEYER, Christian William",65,House,(IA-06),Iowa,IA,6,200,,0.436,0.709,0.701,27,207,-73.46997
2017-01-10 02:15:54,MH06507704,7704,"RAMSEY, John Rathbone",65,House,(NJ-06),New Jersey,NJ,6,200,,0.327,-0.569,0.7,32,155,-55.33436
2017-01-10 02:15:54,MH06507696,7696,"RAKER, John Edward",65,House,(CA-02),California,CA,2,100,,-0.121,0.285,0.712,32,209,-71.08823
2017-01-10 02:15:54,MH06507692,7692,"RAINEY, John William",65,House,(IL-04),Illinois,IL,4,100,,-0.408,-0.796,0.746,8,96,-28.10451
2017-01-10 02:15:54,MH06507691,7691,"RAINEY, Henry Thomas",65,House,(IL-20),Illinois,IL,20,100,,-0.264,0.365,0.703,23,167,-58.73556
2017-01-10 02:15:54,MH06507689,7689,"RAGSDALE, James Willard",65,House,(SC-06),South Carolina,SC,6,100,,-0.399,0.253,0.657,25,142,-59.56507
2017-01-10 02:15:54,MH06507674,7674,"QUIN, Percy Edwards",65,House,(MS-07),Mississippi,MS,7,100,,-0.354,0.876,0.751,25,210,-60.00664
2017-01-10 02:15:54,MH06507655,7655,"PURNELL, Fred Sampson",65,House,(IN-09),Indiana,IN,9,200,,0.468,0.108,0.787,16,193,-46.13817
2017-01-10 02:15:54,MH06507614,7614,"PRICE, Jesse Dashiell",65,House,(MD-01),Maryland,MD,1,100,,-0.325,0.013,0.75,9,80,-22.9776
2017-01-10 02:15:54,MH06507590,7590,"PRATT, Harry Hayt",65,House,(NY-37),New York,NY,37,200,,0.392,0.002,0.75,15,124,-35.60121
2017-01-10 02:15:54,MH06507577,7577,"POWERS, Caleb",65,House,(KY-11),Kentucky,KY,11,200,,0.429,0.323,0.64,18,89,-39.75
2017-01-10 02:15:54,MH06507565,7565,"POU, Edward William",65,House,(NC-04),North Carolina,NC,4,100,,-0.39,0.033,0.721,27,157,-51.27366
2017-01-10 02:15:54,MH06507540,7540,"PORTER, Stephen Geyer",65,House,(PA-29),Pennsylvania,PA,29,200,,0.303,-0.077,0.638,22,91,-40.93435
2017-01-10 02:15:54,MH06507505,7505,"POLK, Albert Fawcett",65,House,(DE-01),Delaware,DE,1,100,,-0.328,-0.123,0.806,13,160,-34.44271
2017-01-10 02:15:54,MH06507479,7479,"PLATT, Edmund",65,House,(NY-26),New York,NY,26,200,,0.547,-0.837,0.649,41,173,-74.75379
2017-01-10 02:15:54,MH06507396,7396,"PHELAN, Michael Francis",65,House,(MA-07),Massachusetts,MA,7,100,,-0.203,-0.82,0.693,32,182,-66.63341
2017-01-10 02:15:54,MH06507366,7366,"PETERS, John Andrew",65,House,(ME-03),Maine,ME,3,200,,0.371,-0.379,0.708,25,155,-53.47701
2017-01-10 02:15:54,MH06507203,7203,"PARKER, Richard Wayne",65,House,(NJ-09),New Jersey,NJ,9,200,,0.627,-0.645,0.581,55,194,-105.31245
2017-01-10 02:15:54,MH06507196,7196,"PARKER, James Southworth",65,House,(NY-29),New York,NY,29,200,,0.488,-0.437,0.752,20,140,-39.82089
2017-01-10 02:15:54,MH06507185,7185,"PARK, Frank",65,House,(GA-02),Georgia,GA,2,100,,-0.448,0.404,0.827,9,163,-30.97452
2017-01-10 02:15:54,MH06507162,7162,"PAIGE, Calvin DeWitt",65,House,(MA-03),Massachusetts,MA,3,200,,0.489,-0.635,0.721,25,148,-48.38425
2017-01-10 02:15:54,MH06507150,7150,"PADGETT, Lemuel Phillips",65,House,(TN-07),Tennessee,TN,7,100,,-0.272,0.147,0.81,13,168,-35.30232
2017-01-10 02:15:54,MH06507123,7123,"OVERSTREET, James Whetstone",65,House,(GA-01),Georgia,GA,1,100,,-0.336,0.36,0.792,18,203,-47.28784
2017-01-10 02:15:54,MH06507121,7121,"OVERMYER, Arthur Warren",65,House,(OH-13),Ohio,OH,13,100,,-0.255,-0.062,0.783,16,149,-36.50864
2017-01-10 02:15:54,MH06507098,7098,"O'SHAUNESSY, George Francis",65,House,(RI-01),Rhode Island,RI,1,100,,-0.176,-0.721,0.75,18,124,-35.72138
2017-01-10 02:15:54,MH06507093,7093,"OSBORNE, Henry Zenas",65,House,(CA-10),California,CA,10,200,,0.339,-0.174,0.714,34,205,-68.98539
2017-01-10 02:15:54,MH06507067,7067,"OLNEY, Richard",65,House,(MA-14),Massachusetts,MA,14,100,,-0.072,-0.469,0.73,23,142,-44.73192
2017-01-10 02:15:54,MH06507064,7064,"OLIVER, William Bacon",65,House,(AL-06),Alabama,AL,6,100,,-0.326,0.643,0.798,17,191,-43.07269
2017-01-10 02:15:54,MH06507058,7058,"OLIVER, Daniel Charles",65,House,(NY-23),New York,NY,23,100,,-0.265,-0.626,0.766,16,176,-46.92812
2017-01-10 02:15:54,MH06507050,7050,"OLDFIELD, William Allan",65,House,(AR-02),Arkansas,AR,2,100,,-0.371,0.477,0.758,29,203,-56.37193
2017-01-10 02:15:54,MH06506975,6975,"NORTON, Patrick Daniel",65,House,(ND-03),North Dakota,ND,3,200,,0.337,0.687,0.688,23,135,-50.54097
2017-01-10 02:15:54,MH06506947,6947,"NOLAN, John Ignatius",65,House,(CA-05),California,CA,5,200,,0.187,-0.075,0.585,49,166,-88.89587
2017-01-10 02:15:54,MH06506917,6917,"NICHOLS, Charles Archibald",65,House,(MI-13),Michigan,MI,13,200,,0.266,-0.154,0.636,36,170,-76.8683
2017-01-10 02:15:54,MH06506915,6915,"NICHOLLS, Samuel Jones",65,House,(SC-04),South Carolina,SC,4,100,,-0.411,0.327,0.737,20,147,-44.94171
2017-01-10 02:15:54,MH06506869,6869,"NELSON, John Mandt",65,House,(WI-03),Wisconsin,WI,3,200,,0.256,0.967,0.699,20,140,-50.18033
2017-01-10 02:15:54,MH06506861,6861,"NELSON, Adolphus Peter",65,House,(WI-11),Wisconsin,WI,11,200,,0.363,0.534,0.729,7,54,-17.07014
2017-01-10 02:15:54,MH06506856,6856,"NEELY, Matthew Mansfield",65,House,(WV-01),West Virginia,WV,1,100,,-0.346,0.31,0.758,21,143,-39.69893
2017-01-10 02:15:54,MH06506778,6778,"MUDD, Sydney Emanuel",65,House,(MD-05),Maryland,MD,5,200,,0.282,-0.452,0.715,16,113,-37.92896
2017-01-10 02:15:54,MH06506762,6762,"MOTT, Luther Wright",65,House,(NY-32),New York,NY,32,200,,0.412,-0.159,0.706,27,156,-54.22111
2017-01-10 02:15:54,MH06506688,6688,"MORIN, John Mary",65,House,(PA-31),Pennsylvania,PA,31,200,,0.293,-0.775,0.722,18,119,-38.71097
2017-01-10 02:15:54,MH06506675,6675,"MORGAN, Dick Thompson",65,House,(OK-08),Oklahoma,OK,8,200,,0.33,0.371,0.645,40,212,-93.07575
2017-01-10 02:15:54,MH06506659,6659,"MOORES, Merrill",65,House,(IN-07),Indiana,IN,7,200,,0.534,-0.846,0.648,46,195,-84.49305
2017-01-10 02:15:54,MH06506640,6640,"MOORE, Joseph Hampton",65,House,(PA-03),Pennsylvania,PA,3,200,,0.53,-0.848,0.708,31,178,-61.35822
2017-01-10 02:15:54,MH06506618,6618,"MOON, John Austin",65,House,(TN-03),Tennessee,TN,3,100,,-0.32,0.206,0.801,10,177,-39.24399
2017-01-10 02:15:54,MH06506598,6598,"MONTAGUE, Andrew Jackson",65,House,(VA-03),Virginia,VA,3,100,,-0.261,0.03,0.713,23,163,-55.23042
2017-01-10 02:15:54,MH06506590,6590,"MONDELL, Frank Wheeler",65,House,(WY-01),Wyoming,WY,1,200,,0.431,0.183,0.683,27,154,-58.6417
2017-01-10 02:15:54,MH06506494,6494,"MILLER, John Franklin",65,House,(WA-01),Washington,WA,1,200,,0.271,0.116,0.681,31,174,-66.75546
2017-01-10 02:15:54,MH06506476,6476,"MILLER, Clarence Benjamin",65,House,(MN-08),Minnesota,MN,8,200,,0.302,0.114,0.645,29,141,-61.73754
2017-01-10 02:15:54,MH06506436,6436,"MERRITT, Schuyler",65,House,(CT-04),Connecticut,CT,4,200,,0.566,-0.824,0.696,24,134,-48.56731
2017-01-10 02:15:54,MH06506404,6404,"MEEKER, Jacob Edwin",65,House,(MO-10),Missouri,MO,10,200,,0.52,-0.603,0.682,24,108,-41.26911
2017-01-10 02:15:54,MH06506342,6342,"McLEMORE, Atkins Jefferson",65,House,(TX-00),Texas,TX,99,100,,-0.396,-0.201,0.599,37,167,-85.63341
2017-01-10 02:15:54,MH06506328,6328,"McLAUGHLIN, Joseph",65,House,(PA-00),Pennsylvania,PA,99,200,,0.349,-0.622,0.725,16,118,-37.95649
2017-01-10 02:15:54,MH06506327,6327,"McLAUGHLIN, James Campbell",65,House,(MI-09),Michigan,MI,9,200,,0.43,0.199,0.637,39,194,-87.52281
2017-01-10 02:15:54,MH06506313,6313,"McKINLEY, William Brown",65,House,(IL-19),Illinois,IL,19,200,,0.493,0.063,0.724,20,136,-44.01084
2017-01-10 02:15:54,MH06506304,6304,"McKEOWN, Thomas Deitz",65,House,(OK-04),Oklahoma,OK,4,100,,-0.21,0.66,0.725,28,202,-64.98175
2017-01-10 02:15:54,MH06506300,6300,"McKENZIE, John Charles",65,House,(IL-13),Illinois,IL,13,200,,0.475,0.414,0.685,28,166,-62.73982
2017-01-10 02:15:54,MH06506238,6238,"McFADDEN, Louis Thomas",65,House,(PA-14),Pennsylvania,PA,14,200,,0.454,0.187,0.735,21,181,-55.76877
2017-01-10 02:15:54,MH06506203,6203,"McCULLOCH, Roscoe Conkling",65,House,(OH-16),Ohio,OH,16,200,,0.362,0.205,0.696,22,138,-50.06295
2017-01-10 02:15:54,MH06506181,6181,"McCORMICK, Joseph Medill",65,House,(IL-00),Illinois,IL,99,200,,0.395,0.324,0.716,14,94,-31.38879
2017-01-10 02:15:54,MH06506158,6158,"McCLINTIC, James Vernon",65,House,(OK-07),Oklahoma,OK,7,100,,-0.169,0.914,0.736,21,152,-46.49876
2017-01-10 02:15:54,MH06506124,6124,"McARTHUR, Clifton Nesmith",65,House,(OR-03),Oregon,OR,3,200,,0.406,-0.474,0.724,25,188,-60.71219
2017-01-10 02:15:54,MH06506122,6122,"McANDREWS, James",65,House,(IL-06),Illinois,IL,6,100,,-0.318,-0.522,0.704,22,153,-53.78179
2017-01-10 02:15:54,MH06506117,6117,"MAYS, James Henry",65,House,(UT-02),Utah,UT,2,100,,-0.189,0.367,0.767,18,175,-46.52388
2017-01-10 02:15:54,MH06506065,6065,"MASON, William Ernest",65,House,(IL-00),Illinois,IL,99,200,,0.307,-0.134,0.608,26,121,-60.10918
2017-01-10 02:15:54,MH06506041,6041,"MARTIN, Whitmell Pugh",65,House,(LA-03),Louisiana,LA,3,370,,-0.132,0.05,0.686,36,184,-69.35731
2017-01-10 02:15:54,MH06506016,6016,"MARTIN, Charles",65,House,(IL-04),Illinois,IL,4,100,,,,,,,
2017-01-10 02:15:54,MH06505972,5972,"MAPES, Carl Edgar",65,House,(MI-05),Michigan,MI,5,200,,0.369,0.214,0.628,46,210,-97.77871
2017-01-10 02:15:54,MH06505966,5966,"MANSFIELD, Joseph Jefferson",65,House,(TX-09),Texas,TX,9,100,,-0.232,0.588,0.675,35,207,-81.51143
2017-01-10 02:15:54,MH06505959,5959,"MANN, James Robert",65,House,(IL-02),Illinois,IL,2,200,,0.385,0.042,0.674,18,87,-34.35364
2017-01-10 02:15:54,MH06505922,5922,"MAHER, James Paul",65,House,(NY-05),New York,NY,5,100,,-0.295,-0.954,0.811,9,97,-20.30425
2017-01-10 02:15:54,MH06505909,5909,"MAGEE, Walter Warren",65,House,(NY-35),New York,NY,35,200,,0.424,-0.361,0.747,22,191,-55.63547
2017-01-10 02:15:54,MH06505899,5899,"MADDEN, Martin Barnaby",65,House,(IL-01),Illinois,IL,1,200,,0.473,-0.143,0.657,37,184,-77.27828
2017-01-10 02:15:54,MH06505841,5841,"LUNN, George Richard",65,House,(NY-30),New York,NY,30,100,,-0.182,-0.058,0.719,22,145,-47.87271
2017-01-10 02:15:54,MH06505839,5839,"LUNDEEN, Ernest",65,House,(MN-05),Minnesota,MN,5,200,,0.218,0.976,0.627,36,169,-78.92664
2017-01-10 02:15:54,MH06505833,5833,"LUFKIN, Willfred Weymouth",65,House,(MA-06),Massachusetts,MA,6,200,,0.472,-0.882,0.736,19,142,-43.47008
2017-01-10 02:15:54,MH06505770,5770,"LONGWORTH, Nicholas",65,House,(OH-01),Ohio,OH,1,200,,0.491,-0.538,0.683,31,156,-59.47756
2017-01-10 02:15:54,MH06505752,5752,"LONERGAN, Augustine",65,House,(CT-01),Connecticut,CT,1,100,,-0.244,-0.36,0.777,21,189,-47.78123
2017-01-10 02:15:54,MH06505751,5751,"LONDON, Meyer",65,House,(NY-12),New York,NY,12,380,,-0.026,0.515,0.516,48,172,-113.78022
2017-01-10 02:15:54,MH06505730,5730,"LOBECK, Charles Otto",65,House,(NE-02),Nebraska,NE,2,100,,-0.147,-0.067,0.673,30,188,-74.53931
2017-01-10 02:15:54,MH06505708,5708,"LITTLEPAGE, Adam Brown",65,House,(WV-06),West Virginia,WV,6,100,,-0.217,0.076,0.791,12,128,-29.93347
2017-01-10 02:15:54,MH06505699,5699,"LITTLE, Edward Campbell",65,House,(KS-02),Kansas,KS,2,200,,0.361,0.606,0.652,39,174,-74.51238
2017-01-10 02:15:54,MH06505691,5691,"LINTHICUM, John Charles",65,House,(MD-04),Maryland,MD,4,100,,-0.321,-0.263,0.738,20,147,-44.70074
2017-01-10 02:15:54,MH06505624,5624,"LEVER, Asbury Francis",65,House,(SC-07),South Carolina,SC,7,100,,-0.44,0.109,0.793,13,167,-38.70122
2017-01-10 02:15:54,MH06505615,5615,"LESHER, John Vandling",65,House,(PA-16),Pennsylvania,PA,16,100,,-0.388,-0.144,0.731,21,180,-56.38522
2017-01-10 02:15:54,MH06505607,5607,"LENROOT, Irvine Luther",65,House,(WI-11),Wisconsin,WI,11,200,,0.244,0.335,0.69,27,187,-69.48661
2017-01-10 02:15:54,MH06505589,5589,"LEHLBACH, Frederick Reimold",65,House,(NJ-10),New Jersey,NJ,10,200,,0.452,-0.711,0.714,31,153,-51.56117
2017-01-10 02:15:54,MH06505558,5558,"LEE, Gordon",65,House,(GA-07),Georgia,GA,7,100,,-0.406,0.12,0.824,9,170,-32.87781
2017-01-10 02:15:54,MH06505531,5531,"LEA, Clarence Frederick",65,House,(CA-01),California,CA,1,100,,-0.08,0.14,0.639,34,177,-79.38483
2017-01-10 02:15:54,MH06505529,5529,"LAZARO, Ladislas",65,House,(LA-07),Louisiana,LA,7,100,,-0.303,-0.109,0.782,18,186,-45.72528
2017-01-10 02:15:54,MH06505482,5482,"LARSEN, William Washington",65,House,(GA-12),Georgia,GA,12,100,,-0.297,0.606,0.721,27,189,-61.76053
2017-01-10 02:15:54,MH06505454,5454,"LANGLEY, John Wesley",65,House,(KY-10),Kentucky,KY,10,200,,0.384,0.17,0.66,27,162,-67.25677
2017-01-10 02:15:54,MH06505426,5426,"LAMPERT, Florian",65,House,(WI-06),Wisconsin,WI,6,200,,0.285,0.883,0.657,9,56,-23.53483
2017-01-10 02:15:54,MH06505406,5406,"LA GUARDIA, Fiorello Henry",65,House,(NY-14),New York,NY,14,200,,0.217,0.7,0.468,30,83,-62.97434
2017-01-10 02:15:54,MH06505403,5403,"LA FOLLETTE, William Leroy",65,House,(WA-04),Washington,WA,4,200,,0.339,0.78,0.676,34,196,-76.84047
2017-01-10 02:15:54,MH06505366,5366,"KREIDER, Aaron Shenk",65,House,(PA-18),Pennsylvania,PA,18,200,,0.436,-0.031,0.621,19,85,-40.53467
2017-01-10 02:15:54,MH06505364,5364,"KRAUS, Milton",65,House,(IN-11),Indiana,IN,11,200,,0.605,0.524,0.716,30,196,-65.4598
2017-01-10 02:15:54,MH06505352,5352,"KNUTSON, Harold",65,House,(MN-06),Minnesota,MN,6,200,,0.419,0.413,0.746,24,196,-57.50006
2017-01-10 02:15:54,MH06505307,5307,"KITCHIN, Claude",65,House,(NC-02),North Carolina,NC,2,100,,-0.419,0.321,0.759,16,164,-45.31291
2017-01-10 02:15:54,MH06505278,5278,"KINKAID, Moses Pierce",65,House,(NE-06),Nebraska,NE,6,200,,0.366,0.592,0.756,24,203,-56.91131
2017-01-10 02:15:54,MH06505259,5259,"KING, Edward John",65,House,(IL-15),Illinois,IL,15,200,,0.328,0.77,0.607,47,182,-90.87503
2017-01-10 02:15:54,MH06505249,5249,"KINCHELOE, David Hayes",65,House,(KY-02),Kentucky,KY,2,100,,-0.381,0.564,0.76,23,202,-55.37327
2017-01-10 02:15:54,MH06505233,5233,"KIESS, Edgar Raymond",65,House,(PA-15),Pennsylvania,PA,15,200,,0.397,-0.087,0.647,26,129,-56.10117
2017-01-10 02:15:54,MH06505223,5223,"KEY, John Alexander",65,House,(OH-08),Ohio,OH,8,100,,-0.293,-0.092,0.78,12,127,-31.54916
2017-01-10 02:15:54,MH06505221,5221,"KETTNER, William",65,House,(CA-11),California,CA,11,100,,-0.101,0.071,0.766,13,137,-36.50279
2017-01-10 02:15:54,MH06505178,5178,"KENNEDY, Charles Augustus",65,House,(IA-01),Iowa,IA,1,200,,0.426,0.267,0.732,24,186,-58.09851
2017-01-10 02:15:54,MH06505174,5174,"KENNEDY, Ambrose",65,House,(RI-03),Rhode Island,RI,3,200,,0.332,-0.943,0.748,16,123,-35.72761
2017-01-10 02:15:54,MH06505154,5154,"KELLY, Melville Clyde",65,House,(PA-30),Pennsylvania,PA,30,370,,0.216,0.241,0.614,43,165,-80.52512
2017-01-10 02:15:54,MH06505139,5139,"KELLEY, Patrick Henry",65,House,(MI-06),Michigan,MI,6,200,,0.358,0.286,0.728,15,112,-35.61083
2017-01-10 02:15:54,MH06505124,5124,"KEHOE, James Walter",65,House,(FL-03),Florida,FL,3,100,,-0.361,0.127,0.805,12,143,-31.04284
2017-01-10 02:15:54,MH06505115,5115,"KEATING, Edward",65,House,(CO-03),Colorado,CO,3,100,,-0.057,0.826,0.688,34,181,-67.57098
2017-01-10 02:15:54,MH06505113,5113,"KEARNS, Charles Cyrus",65,House,(OH-06),Ohio,OH,6,200,,0.455,0.203,0.695,23,158,-57.52452
2017-01-10 02:15:54,MH06505090,5090,"KAHN, Julius",65,House,(CA-04),California,CA,4,200,,0.388,-0.922,0.749,13,89,-25.67869
2017-01-10 02:15:54,MH06505087,5087,"JUUL, Niels",65,House,(IL-07),Illinois,IL,7,200,,0.466,-0.399,0.725,21,158,-50.76734
2017-01-10 02:15:54,MH06505067,5067,"JONES, William Atkinson",65,House,(VA-01),Virginia,VA,1,100,,-0.44,0.272,0.725,5,63,-20.27391
2017-01-10 02:15:54,MH06505051,5051,"JONES, John Marvin",65,House,(TX-13),Texas,TX,13,100,,-0.203,0.979,0.747,24,177,-51.64873
2017-01-10 02:15:54,MH06504991,4991,"JOHNSON, Royal Cleaves",65,House,(SD-02),South Dakota,SD,2,200,,0.391,0.413,0.716,10,68,-22.74973
2017-01-10 02:15:54,MH06504942,4942,"JOHNSON, Ben",65,House,(KY-04),Kentucky,KY,4,100,,-0.24,0.525,0.73,24,181,-56.86569
2017-01-10 02:15:54,MH06504939,4939,"JOHNSON, Albert",65,House,(WA-03),Washington,WA,3,200,,0.485,0.131,0.712,23,171,-58.19559
2017-01-10 02:15:54,MH06504887,4887,"JAMES, William Francis",65,House,(MI-12),Michigan,MI,12,200,,0.259,0.675,0.543,44,155,-94.75242
2017-01-10 02:15:54,MH06504876,4876,"JACOWAY, Henderson Madison",65,House,(AR-05),Arkansas,AR,5,100,,-0.369,0.616,0.783,21,175,-42.76177
2017-01-10 02:15:54,MH06504815,4815,"IRELAND, Clifford Cady",65,House,(IL-16),Illinois,IL,16,200,,0.473,-0.027,0.723,21,162,-52.55711
2017-01-10 02:15:54,MH06504794,4794,"IGOE, William Leo",65,House,(MO-11),Missouri,MO,11,100,,-0.333,-0.478,0.776,20,203,-51.60858
2017-01-10 02:15:54,MH06504781,4781,"HUTCHINSON, Elijah Cubberley",65,House,(NJ-04),New Jersey,NJ,4,200,,0.495,-0.053,0.736,18,139,-42.51522
2017-01-10 02:15:54,MH06504775,4775,"HUSTED, James William",65,House,(NY-25),New York,NY,25,200,,0.51,-0.86,0.754,17,115,-32.40845
2017-01-10 02:15:54,MH06504734,4734,"HUMPHREYS, Benjamin Grubb",65,House,(MS-03),Mississippi,MS,3,100,,-0.368,-0.108,0.574,42,169,-93.88399
2017-01-10 02:15:54,MH06504718,4718,"HULL, Harry Edward",65,House,(IA-02),Iowa,IA,2,200,,0.268,0.096,0.561,48,160,-92.52498
2017-01-10 02:15:54,MH06504717,4717,"HULL, Cordell",65,House,(TN-04),Tennessee,TN,4,100,,-0.435,0.142,0.82,12,185,-36.65832
2017-01-10 02:15:54,MH06504711,4711,"HULBERT, George Murray",65,House,(NY-21),New York,NY,21,100,,-0.216,-0.976,0.728,4,40,-12.69712
2017-01-10 02:15:54,MH06504685,4685,"HUDDLESTON, George",65,House,(AL-09),Alabama,AL,9,100,,-0.076,0.997,0.55,55,195,-116.72864
2017-01-10 02:15:54,MH06504636,4636,"HOWARD, William Schley",65,House,(GA-05),Georgia,GA,5,100,,-0.471,0.406,0.708,19,112,-38.7016
2017-01-10 02:15:54,MH06504617,4617,"HOUSTON, William Cannon",65,House,(TN-05),Tennessee,TN,5,100,,-0.418,0.148,0.791,13,159,-37.31716
2017-01-10 02:15:54,MH06504550,4550,"HOOD, George Ezekial",65,House,(NC-03),North Carolina,NC,3,100,,-0.399,0.169,0.783,11,84,-20.52345
2017-01-10 02:15:54,MH06504524,4524,"HOLLINGSWORTH, David Adams",65,House,(OH-18),Ohio,OH,18,200,,0.314,0.316,0.644,28,136,-59.80934
2017-01-10 02:15:54,MH06504517,4517,"HOLLAND, Edward Everett",65,House,(VA-02),Virginia,VA,2,100,,-0.369,-0.061,0.754,23,182,-51.46097
2017-01-10 02:15:54,MH06504435,4435,"HILLIARD, Benjamin Clark",65,House,(CO-01),Colorado,CO,1,100,,-0.042,0.999,0.644,41,185,-81.35
2017-01-10 02:15:54,MH06504409,4409,"HILL, Ebenezer J.",65,House,(CT-04),Connecticut,CT,4,200,,0.499,-0.173,0.711,19,130,-44.39099
2017-01-10 02:15:54,MH06504385,4385,"HICKS, Frederick Cocks",65,House,(NY-01),New York,NY,1,200,,0.433,-0.348,0.751,26,166,-47.57174
2017-01-10 02:15:54,MH06504368,4368,"HERSEY, Ira Greenlief",65,House,(ME-04),Maine,ME,4,200,,0.534,0.161,0.757,24,197,-54.89734
2017-01-10 02:15:54,MH06504347,4347,"HENSLEY, Walter Lewis",65,House,(MO-13),Missouri,MO,13,100,,-0.27,0.591,0.759,20,155,-42.67434
2017-01-10 02:15:54,MH06504294,4294,"HELVERING, Guy Tresillian",65,House,(KS-05),Kansas,KS,5,100,,-0.122,0.628,0.767,13,152,-40.38205
2017-01-10 02:15:54,MH06504291,4291,"HELM, Harvey",65,House,(KY-08),Kentucky,KY,8,100,,-0.425,0.478,0.611,31,155,-76.41683
2017-01-10 02:15:54,MH06504289,4289,"HELGESEN, Henry Thomas",65,House,(ND-01),North Dakota,ND,1,200,,0.319,0.872,0.794,19,202,-46.61241
2017-01-10 02:15:54,MH06504286,4286,"HEINTZ, Victor",65,House,(OH-02),Ohio,OH,2,200,,0.362,-0.932,0.695,5,40,-14.55568
2017-01-10 02:15:54,MH06504280,4280,"HEFLIN, James Thomas",65,House,(AL-05),Alabama,AL,5,100,,-0.452,0.037,0.819,13,184,-36.77973
2017-01-10 02:15:54,MH06504271,4271,"HEATON, Robert Douglas",65,House,(PA-12),Pennsylvania,PA,12,200,,0.417,-0.341,0.542,34,103,-63.11354
2017-01-10 02:15:54,MH06504230,4230,"HAYES, Everis Anson",65,House,(CA-08),California,CA,8,200,,0.349,0.238,0.632,24,89,-40.77751
2017-01-10 02:15:54,MH06504227,4227,"HAYDEN, Carl Trumbull",65,House,(AZ-01),Arizona,AZ,1,100,,-0.221,0.335,0.739,27,196,-59.17593
2017-01-10 02:15:54,MH06504222,4222,"HAWLEY, Willis Chatman",65,House,(OR-01),Oregon,OR,1,200,,0.395,0.047,0.696,33,197,-71.40082
2017-01-10 02:15:54,MH06504195,4195,"HAUGEN, Gilbert Nelson",65,House,(IA-04),Iowa,IA,4,200,,0.381,0.72,0.716,24,170,-56.76043
2017-01-10 02:15:54,MH06504183,4183,"HASTINGS, William Wirt",65,House,(OK-02),Oklahoma,OK,2,100,,-0.186,0.66,0.781,18,205,-50.65415
2017-01-10 02:15:54,MH06504173,4173,"HASKELL, Reuben Locke",65,House,(NY-10),New York,NY,10,200,,0.293,-0.765,0.718,22,138,-45.80138
2017-01-10 02:15:54,MH06504136,4136,"HARRISON, Thomas Walter",65,House,(VA-07),Virginia,VA,7,100,,-0.264,0.226,0.628,37,173,-80.5292
2017-01-10 02:15:54,MH06504126,4126,"HARRISON, Byron Patton (Pat)",65,House,(MS-06),Mississippi,MS,6,100,,-0.484,-0.192,0.772,14,157,-40.66208
2017-01-10 02:15:54,MH06504065,4065,"HARDY, Rufus",65,House,(TX-06),Texas,TX,6,100,,-0.514,-0.008,0.761,28,190,-51.87803
2017-01-10 02:15:54,MH06503999,3999,"HAMLIN, Courtney Walker",65,House,(MO-07),Missouri,MO,7,100,,-0.31,0.38,0.731,23,182,-57.08178
2017-01-10 02:15:54,MH06503989,3989,"HAMILTON, Edward La Rue",65,House,(MI-04),Michigan,MI,4,200,,0.444,0.29,0.766,20,189,-50.34507
2017-01-10 02:15:54,MH06503985,3985,"HAMILTON, Charles Mann",65,House,(NY-43),New York,NY,43,200,,0.454,0.027,0.735,9,64,-19.68541
2017-01-10 02:15:54,MH06503980,3980,"HAMILL, James Alphonsus",65,House,(NJ-12),New Jersey,NJ,12,100,,-0.264,-0.771,0.784,9,74,-18.0471
2017-01-10 02:15:54,MH06503898,3898,"HADLEY, Lindley Hoag",65,House,(WA-02),Washington,WA,2,200,,0.377,-0.051,0.729,34,213,-67.41276
2017-01-10 02:15:54,MH06503819,3819,"GRIFFIN, Daniel Joseph",65,House,(NY-08),New York,NY,8,100,,-0.218,-0.976,0.8,2,28,-6.23885
2017-01-10 02:15:54,MH06503817,3817,"GRIFFIN, Anthony Jerome",65,House,(NY-22),New York,NY,22,100,,-0.454,-0.75,0.775,7,80,-20.36233
2017-01-10 02:15:54,MH06503816,3816,"GRIEST, William Walton",65,House,(PA-09),Pennsylvania,PA,9,200,,0.402,-0.049,0.651,24,119,-51.10484
2017-01-10 02:15:54,MH06503804,3804,"GREGG, Alexander White",65,House,(TX-07),Texas,TX,7,100,,-0.425,0.091,0.777,14,122,-30.75494
2017-01-10 02:15:54,MH06503794,3794,"GREENE, William Stedman",65,House,(MA-15),Massachusetts,MA,15,200,,0.441,-0.561,0.671,37,176,-70.28117
2017-01-10 02:15:54,MH06503789,3789,"GREENE, Frank Lester",65,House,(VT-01),Vermont,VT,1,200,,0.545,-0.334,0.626,45,190,-89.04097
2017-01-10 02:15:54,MH06503786,3786,"GREEN, William Raymond",65,House,(IA-09),Iowa,IA,9,200,,0.446,0.377,0.702,29,201,-71.11275
2017-01-10 02:15:54,MH06503770,3770,"GRAY, Oscar Lee",65,House,(AL-01),Alabama,AL,1,100,,-0.421,0.17,0.771,18,181,-46.99448
2017-01-10 02:15:54,MH06503762,3762,"GRAY, Edward Winthrop",65,House,(NJ-08),New Jersey,NJ,8,200,,0.379,-0.925,0.657,18,84,-35.25104
2017-01-10 02:15:54,MH06503741,3741,"GRAHAM, William Johnson",65,House,(IL-14),Illinois,IL,14,200,,0.549,0.501,0.73,27,198,-62.25223
2017-01-10 02:15:54,MH06503732,3732,"GRAHAM, George Scott",65,House,(PA-02),Pennsylvania,PA,2,200,,0.507,-0.862,0.756,12,84,-23.5163
2017-01-10 02:15:54,MH06503723,3723,"GOULD, Norman Judd",65,House,(NY-36),New York,NY,36,200,,0.641,-0.595,0.687,29,137,-51.39528
2017-01-10 02:15:54,MH06503702,3702,"GORDON, William",65,House,(OH-20),Ohio,OH,20,100,,-0.718,-0.437,0.624,43,195,-91.89476
2017-01-10 02:15:54,MH06503689,3689,"GOODWIN, William Shields",65,House,(AR-07),Arkansas,AR,7,100,,-0.375,0.524,0.782,22,195,-47.96939
2017-01-10 02:15:54,MH06503665,3665,"GOODALL, Louis Bertrand",65,House,(ME-01),Maine,ME,1,200,,0.565,-0.204,0.749,14,119,-34.33142
2017-01-10 02:15:54,MH06503664,3664,"GOOD, James William",65,House,(IA-05),Iowa,IA,5,200,,0.415,0.52,0.674,28,171,-67.55693
2017-01-10 02:15:54,MH06503641,3641,"GODWIN, Hannibal Lafayette",65,House,(NC-06),North Carolina,NC,6,100,,-0.391,0.104,0.808,12,134,-28.58653
2017-01-10 02:15:54,MH06503637,3637,"GLYNN, James Peter",65,House,(CT-05),Connecticut,CT,5,200,,0.37,-0.828,0.716,31,201,-67.23507
2017-01-10 02:15:54,MH06503625,3625,"GLASS, Carter",65,House,(VA-06),Virginia,VA,6,100,,-0.305,-0.352,0.668,20,110,-44.45729
2017-01-10 02:15:54,MH06503599,3599,"GILLETT, Frederick Huntington",65,House,(MA-02),Massachusetts,MA,2,200,,0.676,-0.391,0.635,38,170,-77.26451
2017-01-10 02:15:54,MH06503490,3490,"GARRETT, Finis James",65,House,(TN-09),Tennessee,TN,9,100,,-0.464,0.122,0.679,32,191,-73.95888
2017-01-10 02:15:54,MH06503489,3489,"GARRETT, Daniel Edward",65,House,(TX-00),Texas,TX,99,100,,-0.369,0.606,0.773,17,200,-51.41454
2017-01-10 02:15:54,MH06503482,3482,"GARNER, John Nance",65,House,(TX-15),Texas,TX,15,100,,-0.47,0.344,0.639,34,179,-80.1251
2017-01-10 02:15:54,MH06503478,3478,"GARLAND, Mahlon Morris",65,House,(PA-00),Pennsylvania,PA,99,200,,0.371,-0.725,0.702,22,131,-46.3001
2017-01-10 02:15:54,MH06503463,3463,"GARDNER, Augustus Peabody",65,House,(MA-06),Massachusetts,MA,6,200,,0.345,0.155,0.841,4,58,-10.03062
2017-01-10 02:15:54,MH06503459,3459,"GARD, Warren",65,House,(OH-03),Ohio,OH,3,100,,-0.325,-0.175,0.762,19,160,-43.40017
2017-01-10 02:15:54,MH06503450,3450,"GANDY, Harry Luther",65,House,(SD-03),South Dakota,SD,3,100,,-0.094,0.512,0.745,22,164,-48.33111
2017-01-10 02:15:54,MH06503440,3440,"GALLIVAN, James Ambrose",65,House,(MA-12),Massachusetts,MA,12,100,,-0.226,-0.71,0.529,33,127,-80.88958
2017-01-10 02:15:54,MH06503435,3435,"GALLAGHER, Thomas",65,House,(IL-08),Illinois,IL,8,100,,-0.282,-0.688,0.584,37,173,-92.9671
2017-01-10 02:15:54,MH06503393,3393,"FULLER, Charles Eugene",65,House,(IL-12),Illinois,IL,12,200,,0.428,0.125,0.793,11,151,-35.04818
2017-01-10 02:15:54,MH06503391,3391,"FULLER, Alvan Tufts",65,House,(MA-09),Massachusetts,MA,9,331,,0.18,0.045,0.573,30,130,-72.38487
2017-01-10 02:15:54,MH06503367,3367,"FRENCH, Burton Lee",65,House,(ID-00),Idaho,ID,98,200,,0.398,0.392,0.647,48,209,-91.16185
2017-01-10 02:15:54,MH06503359,3359,"FREEMAN, Richard Patrick",65,House,(CT-02),Connecticut,CT,2,200,,0.391,-0.753,0.736,18,141,-43.15824
2017-01-10 02:15:54,MH06503348,3348,"FREAR, James Archibald",65,House,(WI-10),Wisconsin,WI,10,200,,0.374,0.928,0.781,12,169,-41.85934
2017-01-10 02:15:54,MH06503334,3334,"FRANCIS, George Blinn",65,House,(NY-18),New York,NY,18,200,,0.339,-0.666,0.761,13,130,-35.55756
2017-01-10 02:15:54,MH06503311,3311,"FOSTER, Martin David",65,House,(IL-23),Illinois,IL,23,100,,-0.251,0.319,0.752,29,192,-54.6043
2017-01-10 02:15:54,MH06503297,3297,"FOSS, George Edmund",65,House,(IL-10),Illinois,IL,10,200,,0.474,-0.055,0.652,32,135,-57.72575
2017-01-10 02:15:54,MH06503275,3275,"FORDNEY, Joseph Warren",65,House,(MI-08),Michigan,MI,8,200,,0.461,-0.043,0.695,23,154,-56.07709
2017-01-10 02:15:54,MH06503243,3243,"FOCHT, Benjamin Kurtz",65,House,(PA-17),Pennsylvania,PA,17,200,,0.364,-0.022,0.684,25,150,-56.94074
2017-01-10 02:15:54,MH06503241,3241,"FLYNN, Joseph Vincent",65,House,(NY-03),New York,NY,3,100,,-0.194,-0.889,0.736,5,28,-8.58577
2017-01-10 02:15:54,MH06503225,3225,"FLOOD, Henry De La Warr",65,House,(VA-10),Virginia,VA,10,100,,-0.421,-0.001,0.746,22,157,-46.04375
2017-01-10 02:15:54,MH06503183,3183,"FITZGERALD, John Joseph",65,House,(NY-07),New York,NY,7,100,,-0.39,-0.748,0.626,7,32,-14.96925
2017-01-10 02:15:54,MH06503169,3169,"FISHER, Hubert Frederick",65,House,(TN-10),Tennessee,TN,10,100,,-0.294,0.107,0.805,24,199,-43.1911
2017-01-10 02:15:54,MH06503138,3138,"FIELDS, William Jason",65,House,(KY-09),Kentucky,KY,9,100,,-0.255,0.41,0.737,25,157,-47.96369
2017-01-10 02:15:54,MH06503124,3124,"FESS, Simeon Davison",65,House,(OH-07),Ohio,OH,7,200,,0.483,-0.029,0.708,22,151,-52.11173
2017-01-10 02:15:54,MH06503119,3119,"FERRIS, Scott",65,House,(OK-06),Oklahoma,OK,6,100,,-0.301,0.283,0.704,29,173,-60.82949
2017-01-10 02:15:54,MH06503068,3068,"FARR, John Richard",65,House,(PA-10),Pennsylvania,PA,10,200,,0.284,0.048,0.717,30,168,-55.80265
2017-01-10 02:15:54,MH06503050,3050,"FAIRFIELD, Louis William",65,House,(IN-12),Indiana,IN,12,200,,0.453,0.34,0.759,20,185,-51.12049
2017-01-10 02:15:54,MH06503048,3048,"FAIRCHILD, George Winthrop",65,House,(NY-34),New York,NY,34,200,,0.553,-0.708,0.579,14,57,-31.15031
2017-01-10 02:15:54,MH06503047,3047,"FAIRCHILD, Benjamin Lewis",65,House,(NY-24),New York,NY,24,200,,0.344,-0.238,0.661,34,156,-64.52718
2017-01-10 02:15:54,MH06503013,3013,"EVANS, John Morgan",65,House,(MT-00),Montana,MT,98,100,,-0.15,0.381,0.734,26,166,-51.34836
2017-01-10 02:15:54,MH06502996,2996,"ESTOPINAL, Albert",65,House,(LA-01),Louisiana,LA,1,100,,-0.322,-0.818,0.788,3,49,-11.66064
2017-01-10 02:15:54,MH06502991,2991,"ESSEN, Frederick",65,House,(MO-10),Missouri,MO,10,200,,0.363,0.7,0.747,4,33,-9.62646
2017-01-10 02:15:54,MH06502988,2988,"ESCH, John Jacob",65,House,(WI-07),Wisconsin,WI,7,200,,0.366,0.251,0.713,22,205,-69.44484
2017-01-10 02:15:54,MH06502959,2959,"EMERSON, Henry Ivory",65,House,(OH-22),Ohio,OH,22,200,,0.297,0.405,0.676,23,121,-47.42377
2017-01-10 02:15:54,MH06502949,2949,"ELSTON, John Arthur",65,House,(CA-06),California,CA,6,200,,0.305,-0.16,0.636,39,176,-79.53983
2017-01-10 02:15:54,MH06502934,2934,"ELLSWORTH, Franklin Fowler",65,House,(MN-02),Minnesota,MN,2,200,,0.393,0.663,0.649,44,192,-82.90205
2017-01-10 02:15:54,MH06502916,2916,"ELLIOTT, Richard Nash",65,House,(IN-06),Indiana,IN,6,200,,0.532,0.187,0.728,26,165,-52.33878
2017-01-10 02:15:54,MH06502853,2853,"EDMONDS, George Washington",65,House,(PA-04),Pennsylvania,PA,4,200,,0.481,-0.777,0.662,34,143,-58.97372
2017-01-10 02:15:54,MH06502810,2810,"EAGLE, Joe Henry",65,House,(TX-08),Texas,TX,8,100,,-0.483,0.013,0.75,19,154,-44.33225
2017-01-10 02:15:54,MH06502808,2808,"EAGAN, John Joseph",65,House,(NJ-11),New Jersey,NJ,11,100,,-0.312,-0.745,0.756,18,151,-42.23575
2017-01-10 02:15:54,MH06502807,2807,"DYER, Leonidas Carstarphen",65,House,(MO-12),Missouri,MO,12,200,,0.308,-0.414,0.641,31,172,-76.50248
2017-01-10 02:15:54,MH06502783,2783,"DUPRÃ‰, Henry Garland",65,House,(LA-02),Louisiana,LA,2,100,,-0.386,-0.756,0.733,22,182,-56.62759
2017-01-10 02:15:54,MH06502776,2776,"DUNN, Thomas Byrne",65,House,(NY-38),New York,NY,38,200,,0.564,-0.3,0.73,17,131,-41.28922
2017-01-10 02:15:54,MH06502734,2734,"DRUKKER, Dow Henry",65,House,(NJ-07),New Jersey,NJ,7,200,,0.404,-0.373,0.63,11,49,-22.64457
2017-01-10 02:15:54,MH06502717,2717,"DRANE, Herbert Jackson",65,House,(FL-01),Florida,FL,1,100,,-0.313,0.265,0.809,12,148,-31.31167
2017-01-10 02:15:54,MH06502701,2701,"DOWELL, Cassius Clay",65,House,(IA-07),Iowa,IA,7,200,,0.33,0.651,0.735,23,185,-57.05612
2017-01-10 02:15:54,MH06502684,2684,"DOUGHTON, Robert Lee",65,House,(NC-08),North Carolina,NC,8,100,,-0.154,0.786,0.716,27,173,-57.79928
2017-01-10 02:15:54,MH06502670,2670,"DOREMUS, Frank Ellsworth",65,House,(MI-01),Michigan,MI,1,100,,-0.295,-0.35,0.745,16,134,-39.50397
2017-01-10 02:15:54,MH06502667,2667,"DOOLITTLE, Dudley",65,House,(KS-04),Kansas,KS,4,100,,-0.088,0.656,0.722,27,201,-65.54228
2017-01-10 02:15:54,MH06502666,2666,"DOOLING, Peter Joseph",65,House,(NY-16),New York,NY,16,100,,-0.21,-0.978,0.813,7,85,-17.60844
2017-01-10 02:15:54,MH06502664,2664,"DONOVAN, Jerome Francis",65,House,(NY-21),New York,NY,21,100,,-0.289,-0.73,0.753,9,63,-17.83647
2017-01-10 02:15:54,MH06502651,2651,"DOMINICK, Frederick Haskell",65,House,(SC-03),South Carolina,SC,3,100,,-0.398,0.572,0.647,37,195,-85.03989
2017-01-10 02:15:54,MH06502621,2621,"DIXON, Lincoln",65,House,(IN-04),Indiana,IN,4,100,,-0.307,0.226,0.76,32,200,-54.92066
2017-01-10 02:15:54,MH06502598,2598,"DILLON, Charles Hall",65,House,(SD-01),South Dakota,SD,1,200,,0.346,0.786,0.735,23,185,-56.85336
2017-01-10 02:15:54,MH06502595,2595,"DILL, Clarence Cleveland",65,House,(WA-05),Washington,WA,5,100,,-0.021,0.631,0.684,31,178,-67.608
2017-01-10 02:15:54,MH06502587,2587,"DIES, Martin",65,House,(TX-02),Texas,TX,2,100,,-0.584,0.354,0.677,17,111,-43.32098
2017-01-10 02:15:54,MH06502568,2568,"DICKINSON, Clement Cabell",65,House,(MO-06),Missouri,MO,6,100,,-0.263,0.572,0.782,22,195,-47.95498
2017-01-10 02:15:54,MH06502536,2536,"DEWALT, Arthur Granville",65,House,(PA-13),Pennsylvania,PA,13,100,,-0.36,-0.476,0.72,21,140,-45.93447
2017-01-10 02:15:54,MH06502516,2516,"DENTON, George Kirkpatrick",65,House,(IN-01),Indiana,IN,1,100,,-0.237,0.045,0.761,27,194,-52.95505
2017-01-10 02:15:54,MH06502514,2514,"DENT, Stanley Hubert, Jr.",65,House,(AL-02),Alabama,AL,2,100,,-0.577,-0.179,0.763,21,147,-39.74403
2017-01-10 02:15:54,MH06502497,2497,"DENISON, Edward Everett",65,House,(IL-25),Illinois,IL,25,200,,0.424,0.219,0.655,43,188,-79.43158
2017-01-10 02:15:54,MH06502491,2491,"DEMPSEY, Stephen Wallace",65,House,(NY-40),New York,NY,40,200,,0.434,-0.368,0.754,21,169,-47.63809
2017-01-10 02:15:54,MH06502477,2477,"DELANEY, John Joseph",65,House,(NY-07),New York,NY,7,100,,-0.515,-0.545,0.669,17,69,-27.77196
2017-01-10 02:15:54,MH06502457,2457,"DECKER, Perl D.",65,House,(MO-15),Missouri,MO,15,100,,-0.197,0.519,0.729,23,176,-55.5216
2017-01-10 02:15:54,MH06502375,2375,"DAVIS, Charles Russell",65,House,(MN-03),Minnesota,MN,3,200,,0.311,0.73,0.621,32,145,-69.05489
2017-01-10 02:15:54,MH06502366,2366,"DAVIDSON, James Henry",65,House,(WI-06),Wisconsin,WI,6,200,,0.368,0.446,0.627,17,84,-39.17898
2017-01-10 02:15:54,MH06502362,2362,"DAVEY, Martin Luther",65,House,(OH-14),Ohio,OH,14,100,,-0.14,0.322,0.787,3,37,-8.87644
2017-01-10 02:15:54,MH06502347,2347,"DARROW, George Potter",65,House,(PA-06),Pennsylvania,PA,6,200,,0.442,-0.505,0.767,25,171,-45.46013
2017-01-10 02:15:54,MH06502306,2306,"DALLINGER, Frederick William",65,House,(MA-08),Massachusetts,MA,8,200,,0.377,-0.35,0.731,23,184,-57.67557
2017-01-10 02:15:54,MH06502302,2302,"DALE, Porter Hinman",65,House,(VT-02),Vermont,VT,2,200,,0.432,0.049,0.679,28,182,-70.58368
2017-01-10 02:15:54,MH06502301,2301,"DALE, Harry Howard",65,House,(NY-04),New York,NY,4,100,,-0.234,-0.932,0.787,6,74,-17.70017
2017-01-10 02:15:54,MH06502261,2261,"CURRY, Charles Forrest",65,House,(CA-03),California,CA,3,200,,0.27,-0.045,0.598,30,112,-57.57187
2017-01-10 02:15:54,MH06502259,2259,"CURRIE, Gilbert Archibald",65,House,(MI-10),Michigan,MI,10,200,,0.42,0.202,0.697,25,157,-56.68165
2017-01-10 02:15:54,MH06502199,2199,"CROSSER, Robert",65,House,(OH-21),Ohio,OH,21,100,,-0.31,-0.257,0.597,45,179,-92.4316
2017-01-10 02:15:54,MH06502178,2178,"CRISP, Charles Robert",65,House,(GA-03),Georgia,GA,3,100,,-0.353,0.413,0.761,19,184,-50.32757
2017-01-10 02:15:54,MH06502144,2144,"CRAMTON, Louis Convers",65,House,(MI-07),Michigan,MI,7,200,,0.491,0.683,0.694,37,188,-68.78755
2017-01-10 02:15:54,MH06502130,2130,"CRAGO, Thomas Spencer",65,House,(PA-00),Pennsylvania,PA,99,200,,0.311,-0.564,0.733,18,129,-40.09612
2017-01-10 02:15:54,MH06502119,2119,"COX, William Elijah",65,House,(IN-03),Indiana,IN,3,100,,-0.247,0.532,0.633,32,154,-70.47642
2017-01-10 02:15:54,MH06502082,2082,"COSTELLO, Peter Edward",65,House,(PA-05),Pennsylvania,PA,5,200,,0.286,-0.5,0.771,4,58,-15.09469
2017-01-10 02:15:54,MH06502063,2063,"COPLEY, Ira Clifton",65,House,(IL-11),Illinois,IL,11,200,,0.33,-0.18,0.653,22,104,-44.32203
2017-01-10 02:15:54,MH06502051,2051,"COOPER, John Gordon",65,House,(OH-19),Ohio,OH,19,200,,0.361,0.153,0.744,14,132,-39.05583
2017-01-10 02:15:54,MH06502047,2047,"COOPER, Henry Allen",65,House,(WI-01),Wisconsin,WI,1,200,,0.272,0.681,0.647,42,188,-81.92323
2017-01-10 02:15:54,MH06502043,2043,"COOPER, Edward",65,House,(WV-05),West Virginia,WV,5,200,,0.43,-0.005,0.696,27,158,-57.21851
2017-01-10 02:15:54,MH06501991,1991,"CONNELLY, John Robert",65,House,(KS-06),Kansas,KS,6,100,,-0.153,0.803,0.719,30,175,-57.78724
2017-01-10 02:15:54,MH06501986,1986,"CONNALLY, Thomas Terry (Tom)",65,House,(TX-11),Texas,TX,11,100,,-0.195,0.578,0.625,43,198,-92.99479
2017-01-10 02:15:54,MH06501968,1968,"COMSTOCK, Daniel Webster",65,House,(IN-06),Indiana,IN,6,200,,,,,,,
2017-01-10 02:15:54,MH06501942,1942,"COLLIER, James William",65,House,(MS-08),Mississippi,MS,8,100,,-0.426,0.448,0.803,15,192,-42.07576
2017-01-10 02:15:54,MH06501862,1862,"COADY, Charles Pearce",65,House,(MD-03),Maryland,MD,3,100,,-0.349,-0.937,0.799,15,160,-35.9133
2017-01-10 02:15:54,MH06501826,1826,"CLEARY, William Edward",65,House,(NY-08),New York,NY,8,100,,-0.403,-0.697,0.718,11,105,-34.82867
2017-01-10 02:15:54,MH06501817,1817,"CLAYPOOL, Horatio Clifford",65,House,(OH-11),Ohio,OH,11,100,,-0.208,0.689,0.66,38,183,-75.96663
2017-01-10 02:15:54,MH06501804,1804,"CLASSON, David Guy",65,House,(WI-09),Wisconsin,WI,9,200,,0.314,-0.014,0.643,41,178,-78.63891
2017-01-10 02:15:54,MH06501769,1769,"CLARK, James Beauchamp (Champ)",65,House,(MO-09),Missouri,MO,9,100,,-0.442,0.387,0.874,15,271,-36.46948
2017-01-10 02:15:54,MH06501765,1765,"CLARK, Henry Alden",65,House,(PA-25),Pennsylvania,PA,25,200,,0.424,-0.106,0.712,30,164,-55.66742
2017-01-10 02:15:54,MH06501762,1762,"CLARK, Frank",65,House,(FL-02),Florida,FL,2,100,,-0.354,-0.029,0.755,14,110,-30.96222
2017-01-10 02:15:54,MH06501720,1720,"CHURCH, Denver Samuel",65,House,(CA-07),California,CA,7,100,,-0.162,0.204,0.615,29,124,-60.31645
2017-01-10 02:15:54,MH06501640,1640,"CHANDLER, Walter Marion",65,House,(NY-19),New York,NY,19,200,,0.307,-0.8,0.726,17,116,-37.1884
2017-01-10 02:15:54,MH06501638,1638,"CHANDLER, Thomas Alberter",65,House,(OK-01),Oklahoma,OK,1,200,,0.454,0.247,0.659,32,171,-71.37995
2017-01-10 02:15:54,MH06501567,1567,"CARY, William Joseph",65,House,(WI-04),Wisconsin,WI,4,200,,0.179,0.231,0.534,46,164,-102.93614
2017-01-10 02:15:54,MH06501554,1554,"CARTER, William Henry",65,House,(MA-13),Massachusetts,MA,13,200,,0.501,-0.512,0.723,11,95,-30.77054
2017-01-10 02:15:54,MH06501546,1546,"CARTER, Charles David",65,House,(OK-03),Oklahoma,OK,3,100,,-0.272,0.409,0.789,14,185,-43.84
2017-01-10 02:15:54,MH06501508,1508,"CARLIN, Charles Creighton",65,House,(VA-08),Virginia,VA,8,100,,-0.4,-0.095,0.715,20,154,-51.57794
2017-01-10 02:15:54,MH06501500,1500,"CAREW, John Francis",65,House,(NY-17),New York,NY,17,100,,-0.39,-0.821,0.811,9,96,-20.06697
2017-01-10 02:15:54,MH06501498,1498,"CARAWAY, Thaddeus Horatius",65,House,(AR-01),Arkansas,AR,1,100,,-0.426,0.05,0.764,23,185,-49.82701
2017-01-10 02:15:54,MH06501496,1496,"CAPSTICK, John Henry",65,House,(NJ-05),New Jersey,NJ,5,200,,0.474,-0.618,0.81,11,117,-24.59934
2017-01-10 02:15:54,MH06501488,1488,"CANTRILL, James Campbell",65,House,(KY-07),Kentucky,KY,7,100,,-0.33,-0.056,0.751,26,166,-47.46069
2017-01-10 02:15:54,MH06501483,1483,"CANNON, Joseph Gurney",65,House,(IL-18),Illinois,IL,18,200,,0.411,0.284,0.507,62,197,-133.79715
2017-01-10 02:15:54,MH06501473,1473,"CANDLER, Ezekiel Samuel, Jr.",65,House,(MS-01),Mississippi,MS,1,100,,-0.466,0.483,0.817,11,186,-37.50902
2017-01-10 02:15:54,MH06501462,1462,"CAMPBELL, Philip Pitt",65,House,(KS-03),Kansas,KS,3,200,,0.446,0.423,0.718,27,188,-62.33441
2017-01-10 02:15:54,MH06501404,1404,"CALDWELL, Charles Pope",65,House,(NY-02),New York,NY,2,100,,-0.3,-0.832,0.756,14,113,-31.63585
2017-01-10 02:15:54,MH06501372,1372,"BYRNS, Joseph Wellington",65,House,(TN-06),Tennessee,TN,6,100,,-0.359,0.384,0.747,20,194,-56.56777
2017-01-10 02:15:54,MH06501370,1370,"BYRNES, James Francis",65,House,(SC-02),South Carolina,SC,2,100,,-0.469,-0.031,0.715,22,194,-65.15605
2017-01-10 02:15:54,MH06501352,1352,"BUTLER, Thomas Stalker",65,House,(PA-07),Pennsylvania,PA,7,200,,0.444,-0.084,0.724,24,159,-51.41487
2017-01-10 02:15:54,MH06501306,1306,"BURROUGHS, Sherman Everett",65,House,(NH-01),New Hampshire,NH,1,200,,0.473,-0.147,0.766,14,167,-44.42566
2017-01-10 02:15:54,MH06501291,1291,"BURNETT, John Lawson",65,House,(AL-07),Alabama,AL,7,100,,-0.412,0.192,0.656,36,203,-85.52365
2017-01-10 02:15:54,MH06501188,1188,"BUCHANAN, James Paul",65,House,(TX-10),Texas,TX,10,100,,-0.482,0.048,0.713,27,184,-62.2818
2017-01-10 02:15:54,MH06501160,1160,"BRUMBAUGH, Clement Laird",65,House,(OH-12),Ohio,OH,12,100,,-0.219,0.026,0.805,11,121,-26.17392
2017-01-10 02:15:54,MH06501159,1159,"BRUCKNER, Henry",65,House,(NY-22),New York,NY,22,100,,-0.213,-0.912,0.845,7,90,-15.15602
2017-01-10 02:15:54,MH06501149,1149,"BROWNING, William John",65,House,(NJ-01),New Jersey,NJ,1,200,,0.439,-0.592,0.698,35,171,-61.59608
2017-01-10 02:15:54,MH06501143,1143,"BROWNE, Edward Everts",65,House,(WI-08),Wisconsin,WI,8,200,,0.332,0.917,0.744,18,176,-51.93011
2017-01-10 02:15:54,MH06501055,1055,"BRODBECK, Andrew R.",65,House,(PA-20),Pennsylvania,PA,20,100,,-0.249,-0.023,0.799,13,142,-31.79554
2017-01-10 02:15:54,MH06501048,1048,"BRITTEN, Frederick Albert",65,House,(IL-09),Illinois,IL,9,200,,0.417,-0.629,0.711,20,116,-39.57324
2017-01-10 02:15:54,MH06501047,1047,"BRITT, James Jefferson",65,House,(NC-10),North Carolina,NC,10,200,,0.337,0.374,0.699,18,120,-42.97301
2017-01-10 02:15:54,MH06500976,976,"BRAND, Charles Hillyer",65,House,(GA-08),Georgia,GA,8,100,,-0.331,0.543,0.783,20,182,-44.61859
2017-01-10 02:15:54,MH06500904,904,"BOWERS, George Meade",65,House,(WV-02),West Virginia,WV,2,200,,0.338,0.153,0.714,21,157,-52.94296
2017-01-10 02:15:54,MH06500866,866,"BORLAND, William Patterson",65,House,(MO-05),Missouri,MO,5,100,,-0.358,-0.154,0.584,28,121,-65.14068
2017-01-10 02:15:54,MH06500850,850,"BOOHER, Charles Ferris",65,House,(MO-04),Missouri,MO,4,100,,-0.383,-0.19,0.681,27,139,-53.44654
2017-01-10 02:15:54,MH06500790,790,"BLEAKLEY, Orrin Dubbs",65,House,(PA-28),Pennsylvania,PA,28,200,,,,,,,
2017-01-10 02:15:54,MH06500788,788,"BLANTON, Thomas Lindsay",65,House,(TX-16),Texas,TX,16,100,,-0.096,0.995,0.663,42,202,-82.91209
2017-01-10 02:15:54,MH06500785,785,"BLAND, Schuyler Otis",65,House,(VA-01),Virginia,VA,1,100,,-0.172,0.532,0.724,13,73,-23.57399
2017-01-10 02:15:54,MH06500782,782,"BLAND, Oscar Edward",65,House,(IN-02),Indiana,IN,2,200,,0.431,0.475,0.727,27,179,-57.17257
2017-01-10 02:15:54,MH06500757,757,"BLACKMON, Fred Leonard",65,House,(AL-04),Alabama,AL,4,100,,-0.541,-0.155,0.702,22,176,-62.25289
2017-01-10 02:15:54,MH06500739,739,"BLACK, Eugene",65,House,(TX-01),Texas,TX,1,100,,-0.347,0.519,0.64,40,201,-89.85331
2017-01-10 02:15:54,MH06500721,721,"BIRCH, William Fred",65,House,(NJ-05),New Jersey,NJ,5,200,,0.532,-0.109,0.876,1,36,-4.7511
2017-01-10 02:15:54,MH06500676,676,"BESHLIN, Earl Hanley",65,House,(PA-28),Pennsylvania,PA,28,100,,-0.067,0.398,0.778,15,142,-35.64556
2017-01-10 02:15:54,MH06500648,648,"BENSON, Carville Dickinson",65,House,(MD-02),Maryland,MD,2,100,,-0.236,-0.263,0.79,4,34,-8.02546
2017-01-10 02:15:54,MH06500614,614,"BELL, Thomas Montgomery",65,House,(GA-09),Georgia,GA,9,100,,-0.438,0.347,0.674,30,178,-70.11996
2017-01-10 02:15:54,MH06500539,539,"BEAKES, Samuel Willard",65,House,(MI-02),Michigan,MI,2,100,,-0.176,-0.244,0.735,25,164,-50.59805
2017-01-10 02:15:54,MH06500519,519,"BATHRICK, Elsworth Raymond",65,House,(OH-14),Ohio,OH,14,100,,-0.164,0.264,0.77,2,40,-10.42969
2017-01-10 02:15:54,MH06500453,453,"BARNHART, Henry A.",65,House,(IN-13),Indiana,IN,13,100,,-0.199,0.172,0.726,28,182,-58.33403
2017-01-10 02:15:54,MH06500437,437,"BARKLEY, Alben William",65,House,(KY-01),Kentucky,KY,1,100,,-0.376,0.084,0.761,26,176,-48.16415
2017-01-10 02:15:54,MH06500406,406,"BANKHEAD, William Brockman",65,House,(AL-10),Alabama,AL,10,100,,-0.307,0.615,0.673,29,196,-77.75252
2017-01-10 02:15:54,MH06500333,333,"BAER, John Miller",65,House,(ND-01),North Dakota,ND,1,200,,0.339,0.941,0.656,32,141,-59.41216
2017-01-10 02:15:54,MH06500326,326,"BACON, Mark Reeves",65,House,(MI-02),Michigan,MI,2,200,,0.978,0.21,0.52,13,38,-24.86145
2017-01-10 02:15:54,MH06500318,318,"BACHARACH, Isaac",65,House,(NJ-02),New Jersey,NJ,2,200,,0.356,-0.751,0.668,25,132,-53.31728
2017-01-10 02:15:54,MH06500309,309,"AYRES, William Augustus",65,House,(KS-08),Kansas,KS,8,100,,-0.046,0.687,0.74,25,196,-59.10634
2017-01-10 02:15:54,MH06500295,295,"AUSTIN, Richard Wilson",65,House,(TN-02),Tennessee,TN,2,200,,0.265,-0.089,0.635,37,168,-76.41706
2017-01-10 02:15:54,MH06500276,276,"ASWELL, James Benjamin",65,House,(LA-08),Louisiana,LA,8,100,,-0.4,0.27,0.783,21,194,-47.4596
2017-01-10 02:15:54,MH06500258,258,"ASHBROOK, William Albert",65,House,(OH-17),Ohio,OH,17,100,,-0.161,0.084,0.676,34,178,-69.58384
2017-01-10 02:15:54,MH06500211,211,"ANTHONY, Daniel Read, Jr.",65,House,(KS-01),Kansas,KS,1,200,,0.507,0.519,0.635,25,120,-54.49539
2017-01-10 02:15:54,MH06500182,182,"ANDERSON, Sydney",65,House,(MN-01),Minnesota,MN,1,200,,0.389,0.697,0.684,34,182,-69.16951
2017-01-10 02:15:54,MH06500143,143,"ALMON, Edward Berton",65,House,(AL-08),Alabama,AL,8,100,,-0.28,0.738,0.727,31,205,-65.48805
2017-01-10 02:15:54,MH06500086,86,"ALEXANDER, Joshua Willis",65,House,(MO-03),Missouri,MO,3,100,,-0.257,0.209,0.77,22,202,-52.89655
2017-01-10 02:15:54,MH06500044,44,"ADAMSON, William Charles",65,House,(GA-04),Georgia,GA,4,100,,-0.499,-0.093,0.875,2,46,-6.13812
